fecha,hora,numero,signo,extraido_en,fecha_raw,hora_num,ultimo_digito,penultimo_digito,suma_digitos,paridad,signo_cod,rango_mil,a√±o,mes,dia_mes,dia_semana,dias_desde_inicio
2025-02-01,1 pm,707,TAU,2025-12-20 03:27:42,01/02/2025,13,7,0,14,1,0,0-999,2025,2,1,5,30
2025-02-01,10 pm,834,ESC,2025-12-20 03:27:42,01/02/2025,22,4,3,15,0,1,0-999,2025,2,1,5,30
2025-02-01,4 pm,118,LIB,2025-12-20 03:27:42,01/02/2025,16,8,1,10,0,2,0-999,2025,2,1,5,30
2025-03-01,1 pm,315,CAN,2025-12-20 03:37:46,01/03/2025,13,5,1,9,1,3,0-999,2025,3,1,5,58
2025-03-01,10 pm,146,PIC,2025-12-20 03:37:46,01/03/2025,22,6,4,11,0,4,0-999,2025,3,1,5,58
2025-03-01,4 pm,878,TAU,2025-12-20 03:37:46,01/03/2025,16,8,7,23,0,0,0-999,2025,3,1,5,58
2025-04-01,1 pm,911,GEM,2025-12-20 03:48:54,01/04/2025,13,1,1,11,1,5,0-999,2025,4,1,1,89
2025-04-01,10 pm,997,GEM,2025-12-20 03:48:54,01/04/2025,22,7,9,25,1,5,0-999,2025,4,1,1,89
2025-04-01,4 pm,887,VIR,2025-12-20 03:48:54,01/04/2025,16,7,8,23,1,6,0-999,2025,4,1,1,89
2025-05-01,1 pm,341,CAP,2025-12-20 03:59:40,01/05/2025,13,1,4,8,1,7,0-999,2025,5,1,3,119
2025-05-01,10 pm,861,ACU,2025-12-20 03:59:40,01/05/2025,22,1,6,15,1,8,0-999,2025,5,1,3,119
2025-05-01,4 pm,765,ACU,2025-12-20 03:59:40,01/05/2025,16,5,6,18,1,8,0-999,2025,5,1,3,119
2025-06-01,1 pm,504,ARI,2025-12-20 04:10:47,01/06/2025,13,4,0,9,0,9,0-999,2025,6,1,6,150
2025-06-01,10 pm,862,VIR,2025-12-20 04:10:47,01/06/2025,22,2,6,16,0,6,0-999,2025,6,1,6,150
2025-06-01,4 pm,737,CAN,2025-12-20 04:10:47,01/06/2025,16,7,3,17,1,3,0-999,2025,6,1,6,150
2025-07-01,1 pm,104,ESC,2025-12-20 04:21:33,01/07/2025,13,4,0,5,0,1,0-999,2025,7,1,1,180
2025-07-01,10 pm,945,ACU,2025-12-20 04:21:34,01/07/2025,22,5,4,18,1,8,0-999,2025,7,1,1,180
2025-07-01,4 pm,323,LEO,2025-12-20 04:21:33,01/07/2025,16,3,2,8,1,10,0-999,2025,7,1,1,180
2025-08-01,1 pm,187,LEO,2025-12-20 04:32:41,01/08/2025,13,7,8,16,1,10,0-999,2025,8,1,4,211
2025-08-01,10 pm,653,TAU,2025-12-20 04:32:41,01/08/2025,22,3,5,14,1,0,0-999,2025,8,1,4,211
2025-08-01,4 pm,943,ARI,2025-12-20 04:32:41,01/08/2025,16,3,4,16,1,9,0-999,2025,8,1,4,211
2025-09-01,1 pm,389,ESC,2025-12-20 04:43:49,01/09/2025,13,9,8,20,1,1,0-999,2025,9,1,0,242
2025-09-01,10 pm,128,SAG,2025-12-20 04:43:50,01/09/2025,22,8,2,11,0,11,0-999,2025,9,1,0,242
2025-09-01,4 pm,94,TAU,2025-12-20 04:43:49,01/09/2025,16,4,9,13,0,0,0-999,2025,9,1,0,242
2025-10-01,1 pm,360,PIC,2025-12-20 04:54:37,01/10/2025,13,0,6,9,0,4,0-999,2025,10,1,2,272
2025-10-01,10 pm,714,LEO,2025-12-20 04:54:37,01/10/2025,22,4,1,12,0,10,0-999,2025,10,1,2,272
2025-10-01,4 pm,602,SAG,2025-12-20 04:54:37,01/10/2025,16,2,0,8,0,11,0-999,2025,10,1,2,272
2025-01-02,1 pm,252,LEO,2025-12-20 03:16:56,02/01/2025,13,2,5,9,0,10,0-999,2025,1,2,3,0
2025-01-02,10 pm,770,GEM,2025-12-20 03:16:56,02/01/2025,22,0,7,14,0,5,0-999,2025,1,2,3,0
2025-01-02,4 pm,994,ARI,2025-12-20 03:16:56,02/01/2025,16,4,9,22,0,9,0-999,2025,1,2,3,0
2025-02-02,1 pm,15,ARI,2025-12-20 03:28:04,02/02/2025,13,5,1,6,1,9,0-999,2025,2,2,6,31
2025-02-02,10 pm,168,ACU,2025-12-20 03:28:04,02/02/2025,22,8,6,15,0,8,0-999,2025,2,2,6,31
2025-02-02,4 pm,906,CAP,2025-12-20 03:28:04,02/02/2025,16,6,0,15,0,7,0-999,2025,2,2,6,31
2025-03-02,1 pm,173,CAN,2025-12-20 03:38:07,02/03/2025,13,3,7,11,1,3,0-999,2025,3,2,6,59
2025-03-02,10 pm,681,LEO,2025-12-20 03:38:07,02/03/2025,22,1,8,15,1,10,0-999,2025,3,2,6,59
2025-03-02,4 pm,924,TAU,2025-12-20 03:38:07,02/03/2025,16,4,2,15,0,0,0-999,2025,3,2,6,59
2025-04-02,1 pm,466,ESC,2025-12-20 03:49:15,02/04/2025,13,6,6,16,0,1,0-999,2025,4,2,2,90
2025-04-02,10 pm,94,ARI,2025-12-20 03:49:15,02/04/2025,22,4,9,13,0,9,0-999,2025,4,2,2,90
2025-04-02,4 pm,639,GEM,2025-12-20 03:49:15,02/04/2025,16,9,3,18,1,5,0-999,2025,4,2,2,90
2025-05-02,1 pm,858,LEO,2025-12-20 04:00:01,02/05/2025,13,8,5,21,0,10,0-999,2025,5,2,4,120
2025-05-02,10 pm,180,ACU,2025-12-20 04:00:01,02/05/2025,22,0,8,9,0,8,0-999,2025,5,2,4,120
2025-05-02,4 pm,467,SAG,2025-12-20 04:00:01,02/05/2025,16,7,6,17,1,11,0-999,2025,5,2,4,120
2025-06-02,1 pm,735,CAP,2025-12-20 04:11:09,02/06/2025,13,5,3,15,1,7,0-999,2025,6,2,0,151
2025-06-02,10 pm,438,SAG,2025-12-20 04:11:09,02/06/2025,22,8,3,15,0,11,0-999,2025,6,2,0,151
2025-06-02,4 pm,227,ESC,2025-12-20 04:11:09,02/06/2025,16,7,2,11,1,1,0-999,2025,6,2,0,151
2025-07-02,1 pm,337,LEO,2025-12-20 04:21:55,02/07/2025,13,7,3,13,1,10,0-999,2025,7,2,2,181
2025-07-02,10 pm,43,VIR,2025-12-20 04:21:55,02/07/2025,22,3,4,7,1,6,0-999,2025,7,2,2,181
2025-07-02,4 pm,942,LEO,2025-12-20 04:21:55,02/07/2025,16,2,4,15,0,10,0-999,2025,7,2,2,181
2025-08-02,1 pm,627,TAU,2025-12-20 04:33:03,02/08/2025,13,7,2,15,1,0,0-999,2025,8,2,5,212
2025-08-02,10 pm,817,LIB,2025-12-20 04:33:03,02/08/2025,22,7,1,16,1,2,0-999,2025,8,2,5,212
2025-08-02,4 pm,904,GEM,2025-12-20 04:33:03,02/08/2025,16,4,0,13,0,5,0-999,2025,8,2,5,212
2025-09-02,1 pm,814,GEM,2025-12-20 04:44:11,02/09/2025,13,4,1,13,0,5,0-999,2025,9,2,1,243
2025-09-02,10 pm,538,GEM,2025-12-20 04:44:11,02/09/2025,22,8,3,16,0,5,0-999,2025,9,2,1,243
2025-09-02,4 pm,812,SAG,2025-12-20 04:44:11,02/09/2025,16,2,1,11,0,11,0-999,2025,9,2,1,243
2025-10-02,1 pm,335,LIB,2025-12-20 04:54:58,02/10/2025,13,5,3,11,1,2,0-999,2025,10,2,3,273
2025-10-02,10 pm,579,SAG,2025-12-20 04:54:59,02/10/2025,22,9,7,21,1,11,0-999,2025,10,2,3,273
2025-10-02,4 pm,355,GEM,2025-12-20 04:54:58,02/10/2025,16,5,5,13,1,5,0-999,2025,10,2,3,273
2025-01-03,1 pm,520,LIB,2025-12-20 03:17:18,03/01/2025,13,0,2,7,0,2,0-999,2025,1,3,4,1
2025-01-03,10 pm,736,CAN,2025-12-20 03:17:18,03/01/2025,22,6,3,16,0,3,0-999,2025,1,3,4,1
2025-01-03,4 pm,986,VIR,2025-12-20 03:17:18,03/01/2025,16,6,8,23,0,6,0-999,2025,1,3,4,1
2025-02-03,1 pm,75,TAU,2025-12-20 03:28:25,03/02/2025,13,5,7,12,1,0,0-999,2025,2,3,0,32
2025-02-03,10 pm,604,ARI,2025-12-20 03:28:26,03/02/2025,22,4,0,10,0,9,0-999,2025,2,3,0,32
2025-02-03,4 pm,294,PIC,2025-12-20 03:28:25,03/02/2025,16,4,9,15,0,4,0-999,2025,2,3,0,32
2025-03-03,1 pm,921,GEM,2025-12-20 03:38:29,03/03/2025,13,1,2,12,1,5,0-999,2025,3,3,0,60
2025-03-03,10 pm,399,ESC,2025-12-20 03:38:29,03/03/2025,22,9,9,21,1,1,0-999,2025,3,3,0,60
2025-03-03,4 pm,542,ESC,2025-12-20 03:38:29,03/03/2025,16,2,4,11,0,1,0-999,2025,3,3,0,60
2025-04-03,1 pm,511,CAP,2025-12-20 03:49:37,03/04/2025,13,1,1,7,1,7,0-999,2025,4,3,3,91
2025-04-03,10 pm,375,CAP,2025-12-20 03:49:37,03/04/2025,22,5,7,15,1,7,0-999,2025,4,3,3,91
2025-04-03,4 pm,984,LIB,2025-12-20 03:49:37,03/04/2025,16,4,8,21,0,2,0-999,2025,4,3,3,91
2025-05-03,1 pm,510,GEM,2025-12-20 04:00:23,03/05/2025,13,0,1,6,0,5,0-999,2025,5,3,5,121
2025-05-03,10 pm,221,TAU,2025-12-20 04:00:23,03/05/2025,22,1,2,5,1,0,0-999,2025,5,3,5,121
2025-05-03,4 pm,362,TAU,2025-12-20 04:00:23,03/05/2025,16,2,6,11,0,0,0-999,2025,5,3,5,121
2025-06-03,1 pm,119,VIR,2025-12-20 04:11:30,03/06/2025,13,9,1,11,1,6,0-999,2025,6,3,1,152
2025-06-03,10 pm,352,GEM,2025-12-20 04:11:30,03/06/2025,22,2,5,10,0,5,0-999,2025,6,3,1,152
2025-06-03,4 pm,477,LIB,2025-12-20 04:11:30,03/06/2025,16,7,7,18,1,2,0-999,2025,6,3,1,152
2025-07-03,1 pm,514,GEM,2025-12-20 04:22:16,03/07/2025,13,4,1,10,0,5,0-999,2025,7,3,3,182
2025-07-03,10 pm,982,ARI,2025-12-20 04:22:17,03/07/2025,22,2,8,19,0,9,0-999,2025,7,3,3,182
2025-07-03,4 pm,526,ARI,2025-12-20 04:22:17,03/07/2025,16,6,2,13,0,9,0-999,2025,7,3,3,182
2025-08-03,1 pm,915,CAN,2025-12-20 04:33:24,03/08/2025,13,5,1,15,1,3,0-999,2025,8,3,6,213
2025-08-03,10 pm,187,SAG,2025-12-20 04:33:24,03/08/2025,22,7,8,16,1,11,0-999,2025,8,3,6,213
2025-08-03,4 pm,992,PIC,2025-12-20 04:33:24,03/08/2025,16,2,9,20,0,4,0-999,2025,8,3,6,213
2025-09-03,1 pm,967,VIR,2025-12-20 04:44:32,03/09/2025,13,7,6,22,1,6,0-999,2025,9,3,2,244
2025-09-03,10 pm,855,CAP,2025-12-20 04:44:33,03/09/2025,22,5,5,18,1,7,0-999,2025,9,3,2,244
2025-09-03,4 pm,282,VIR,2025-12-20 04:44:33,03/09/2025,16,2,8,12,0,6,0-999,2025,9,3,2,244
2025-10-03,1 pm,991,LEO,2025-12-20 04:55:20,03/10/2025,13,1,9,19,1,10,0-999,2025,10,3,4,274
2025-10-03,10 pm,746,LIB,2025-12-20 04:55:20,03/10/2025,22,6,4,17,0,2,0-999,2025,10,3,4,274
2025-10-03,4 pm,671,GEM,2025-12-20 04:55:20,03/10/2025,16,1,7,14,1,5,0-999,2025,10,3,4,274
2025-01-04,1 pm,332,VIR,2025-12-20 03:17:39,04/01/2025,13,2,3,8,0,6,0-999,2025,1,4,5,2
2025-01-04,10 pm,283,CAN,2025-12-20 03:17:39,04/01/2025,22,3,8,13,1,3,0-999,2025,1,4,5,2
2025-01-04,4 pm,271,GEM,2025-12-20 03:17:39,04/01/2025,16,1,7,10,1,5,0-999,2025,1,4,5,2
2025-02-04,1 pm,10,CAN,2025-12-20 03:28:47,04/02/2025,13,0,1,1,0,3,0-999,2025,2,4,1,33
2025-02-04,10 pm,574,TAU,2025-12-20 03:28:47,04/02/2025,22,4,7,16,0,0,0-999,2025,2,4,1,33
2025-02-04,4 pm,51,TAU,2025-12-20 03:28:47,04/02/2025,16,1,5,6,1,0,0-999,2025,2,4,1,33
2025-03-04,1 pm,588,TAU,2025-12-20 03:38:50,04/03/2025,13,8,8,21,0,0,0-999,2025,3,4,1,61
2025-03-04,10 pm,957,LIB,2025-12-20 03:38:50,04/03/2025,22,7,5,21,1,2,0-999,2025,3,4,1,61
2025-03-04,4 pm,77,SAG,2025-12-20 03:38:50,04/03/2025,16,7,7,14,1,11,0-999,2025,3,4,1,61
2025-04-04,1 pm,352,VIR,2025-12-20 03:49:58,04/04/2025,13,2,5,10,0,6,0-999,2025,4,4,4,92
2025-04-04,10 pm,375,CAN,2025-12-20 03:49:58,04/04/2025,22,5,7,15,1,3,0-999,2025,4,4,4,92
2025-04-04,4 pm,0,ARI,2025-12-20 03:49:58,04/04/2025,16,0,0,0,0,9,0-999,2025,4,4,4,92
2025-05-04,1 pm,10,ARI,2025-12-20 04:00:44,04/05/2025,13,0,1,1,0,9,0-999,2025,5,4,6,122
2025-05-04,10 pm,967,SAG,2025-12-20 04:00:44,04/05/2025,22,7,6,22,1,11,0-999,2025,5,4,6,122
2025-05-04,4 pm,518,PIC,2025-12-20 04:00:44,04/05/2025,16,8,1,14,0,4,0-999,2025,5,4,6,122
2025-06-04,1 pm,860,ARI,2025-12-20 04:11:52,04/06/2025,13,0,6,14,0,9,0-999,2025,6,4,2,153
2025-06-04,10 pm,800,LEO,2025-12-20 04:11:52,04/06/2025,22,0,0,8,0,10,0-999,2025,6,4,2,153
2025-06-04,4 pm,186,ESC,2025-12-20 04:11:52,04/06/2025,16,6,8,15,0,1,0-999,2025,6,4,2,153
2025-07-04,1 pm,637,CAN,2025-12-20 04:22:38,04/07/2025,13,7,3,16,1,3,0-999,2025,7,4,4,183
2025-07-04,10 pm,748,LIB,2025-12-20 04:22:38,04/07/2025,22,8,4,19,0,2,0-999,2025,7,4,4,183
2025-07-04,4 pm,637,ARI,2025-12-20 04:22:38,04/07/2025,16,7,3,16,1,9,0-999,2025,7,4,4,183
2025-08-04,1 pm,684,GEM,2025-12-20 04:33:46,04/08/2025,13,4,8,18,0,5,0-999,2025,8,4,0,214
2025-08-04,10 pm,892,VIR,2025-12-20 04:33:46,04/08/2025,22,2,9,19,0,6,0-999,2025,8,4,0,214
2025-08-04,4 pm,987,LEO,2025-12-20 04:33:46,04/08/2025,16,7,8,24,1,10,0-999,2025,8,4,0,214
2025-09-04,1 pm,906,ACU,2025-12-20 04:44:54,04/09/2025,13,6,0,15,0,8,0-999,2025,9,4,3,245
2025-09-04,10 pm,343,ACU,2025-12-20 04:44:54,04/09/2025,22,3,4,10,1,8,0-999,2025,9,4,3,245
2025-09-04,4 pm,50,CAN,2025-12-20 04:44:54,04/09/2025,16,0,5,5,0,3,0-999,2025,9,4,3,245
2025-10-04,1 pm,597,PIC,2025-12-20 04:55:41,04/10/2025,13,7,9,21,1,4,0-999,2025,10,4,5,275
2025-10-04,10 pm,357,CAP,2025-12-20 04:55:42,04/10/2025,22,7,5,15,1,7,0-999,2025,10,4,5,275
2025-10-04,4 pm,987,PIC,2025-12-20 04:55:42,04/10/2025,16,7,8,24,1,4,0-999,2025,10,4,5,275
2025-01-05,1 pm,535,CAN,2025-12-20 03:18:01,05/01/2025,13,5,3,13,1,3,0-999,2025,1,5,6,3
2025-01-05,10 pm,140,SAG,2025-12-20 03:18:01,05/01/2025,22,0,4,5,0,11,0-999,2025,1,5,6,3
2025-01-05,4 pm,523,LEO,2025-12-20 03:18:01,05/01/2025,16,3,2,10,1,10,0-999,2025,1,5,6,3
2025-02-05,1 pm,949,ACU,2025-12-20 03:29:08,05/02/2025,13,9,4,22,1,8,0-999,2025,2,5,2,34
2025-02-05,10 pm,332,CAP,2025-12-20 03:29:09,05/02/2025,22,2,3,8,0,7,0-999,2025,2,5,2,34
2025-02-05,4 pm,780,GEM,2025-12-20 03:29:09,05/02/2025,16,0,8,15,0,5,0-999,2025,2,5,2,34
2025-03-05,1 pm,564,ARI,2025-12-20 03:39:12,05/03/2025,13,4,6,15,0,9,0-999,2025,3,5,2,62
2025-03-05,10 pm,922,ARI,2025-12-20 03:39:12,05/03/2025,22,2,2,13,0,9,0-999,2025,3,5,2,62
2025-03-05,4 pm,996,LIB,2025-12-20 03:39:12,05/03/2025,16,6,9,24,0,2,0-999,2025,3,5,2,62
2025-04-05,1 pm,256,CAP,2025-12-20 03:50:20,05/04/2025,13,6,5,13,0,7,0-999,2025,4,5,5,93
2025-04-05,10 pm,860,CAN,2025-12-20 03:50:20,05/04/2025,22,0,6,14,0,3,0-999,2025,4,5,5,93
2025-04-05,4 pm,792,PIC,2025-12-20 03:50:20,05/04/2025,16,2,9,18,0,4,0-999,2025,4,5,5,93
2025-05-05,1 pm,822,LIB,2025-12-20 04:01:06,05/05/2025,13,2,2,12,0,2,0-999,2025,5,5,0,123
2025-05-05,10 pm,163,PIC,2025-12-20 04:01:06,05/05/2025,22,3,6,10,1,4,0-999,2025,5,5,0,123
2025-05-05,4 pm,526,SAG,2025-12-20 04:01:06,05/05/2025,16,6,2,13,0,11,0-999,2025,5,5,0,123
2025-06-05,1 pm,271,VIR,2025-12-20 04:12:13,05/06/2025,13,1,7,10,1,6,0-999,2025,6,5,3,154
2025-06-05,10 pm,61,GEM,2025-12-20 04:12:14,05/06/2025,22,1,6,7,1,5,0-999,2025,6,5,3,154
2025-06-05,4 pm,266,ESC,2025-12-20 04:12:14,05/06/2025,16,6,6,14,0,1,0-999,2025,6,5,3,154
2025-07-05,1 pm,456,PIC,2025-12-20 04:23:00,05/07/2025,13,6,5,15,0,4,0-999,2025,7,5,5,184
2025-07-05,10 pm,989,LIB,2025-12-20 04:23:00,05/07/2025,22,9,8,26,1,2,0-999,2025,7,5,5,184
2025-07-05,4 pm,348,SAG,2025-12-20 04:23:00,05/07/2025,16,8,4,15,0,11,0-999,2025,7,5,5,184
2025-08-05,1 pm,838,ARI,2025-12-20 04:34:07,05/08/2025,13,8,3,19,0,9,0-999,2025,8,5,1,215
2025-08-05,10 pm,509,LEO,2025-12-20 04:34:07,05/08/2025,22,9,0,14,1,10,0-999,2025,8,5,1,215
2025-08-05,4 pm,57,ARI,2025-12-20 04:34:07,05/08/2025,16,7,5,12,1,9,0-999,2025,8,5,1,215
2025-09-05,1 pm,7,PIC,2025-12-20 04:45:16,05/09/2025,13,7,0,7,1,4,0-999,2025,9,5,4,246
2025-09-05,10 pm,484,VIR,2025-12-20 04:45:16,05/09/2025,22,4,8,16,0,6,0-999,2025,9,5,4,246
2025-09-05,4 pm,996,SAG,2025-12-20 04:45:16,05/09/2025,16,6,9,24,0,11,0-999,2025,9,5,4,246
2025-10-05,1 pm,51,ARI,2025-12-20 04:56:03,05/10/2025,13,1,5,6,1,9,0-999,2025,10,5,6,276
2025-10-05,10 pm,758,SAG,2025-12-20 04:56:03,05/10/2025,22,8,5,20,0,11,0-999,2025,10,5,6,276
2025-10-05,4 pm,988,ESC,2025-12-20 04:56:03,05/10/2025,16,8,8,25,0,1,0-999,2025,10,5,6,276
2025-01-06,1 pm,612,GEM,2025-12-20 03:18:22,06/01/2025,13,2,1,9,0,5,0-999,2025,1,6,0,4
2025-01-06,10 pm,149,PIC,2025-12-20 03:18:23,06/01/2025,22,9,4,14,1,4,0-999,2025,1,6,0,4
2025-01-06,4 pm,839,LIB,2025-12-20 03:18:22,06/01/2025,16,9,3,20,1,2,0-999,2025,1,6,0,4
2025-02-06,1 pm,736,CAP,2025-12-20 03:29:30,06/02/2025,13,6,3,16,0,7,0-999,2025,2,6,3,35
2025-02-06,10 pm,837,VIR,2025-12-20 03:29:30,06/02/2025,22,7,3,18,1,6,0-999,2025,2,6,3,35
2025-02-06,4 pm,604,TAU,2025-12-20 03:29:30,06/02/2025,16,4,0,10,0,0,0-999,2025,2,6,3,35
2025-03-06,1 pm,179,PIC,2025-12-20 03:39:33,06/03/2025,13,9,7,17,1,4,0-999,2025,3,6,3,63
2025-03-06,10 pm,869,TAU,2025-12-20 03:39:33,06/03/2025,22,9,6,23,1,0,0-999,2025,3,6,3,63
2025-03-06,4 pm,785,CAN,2025-12-20 03:39:33,06/03/2025,16,5,8,20,1,3,0-999,2025,3,6,3,63
2025-04-06,1 pm,720,SAG,2025-12-20 03:50:41,06/04/2025,13,0,2,9,0,11,0-999,2025,4,6,6,94
2025-04-06,10 pm,585,LEO,2025-12-20 03:50:41,06/04/2025,22,5,8,18,1,10,0-999,2025,4,6,6,94
2025-04-06,4 pm,330,ESC,2025-12-20 03:50:41,06/04/2025,16,0,3,6,0,1,0-999,2025,4,6,6,94
2025-05-06,1 pm,589,LIB,2025-12-20 04:01:27,06/05/2025,13,9,8,22,1,2,0-999,2025,5,6,1,124
2025-05-06,10 pm,167,CAN,2025-12-20 04:01:28,06/05/2025,22,7,6,14,1,3,0-999,2025,5,6,1,124
2025-05-06,4 pm,904,LIB,2025-12-20 04:01:28,06/05/2025,16,4,0,13,0,2,0-999,2025,5,6,1,124
2025-06-06,1 pm,729,VIR,2025-12-20 04:12:35,06/06/2025,13,9,2,18,1,6,0-999,2025,6,6,4,155
2025-06-06,10 pm,723,VIR,2025-12-20 04:12:35,06/06/2025,22,3,2,12,1,6,0-999,2025,6,6,4,155
2025-06-06,4 pm,603,LIB,2025-12-20 04:12:35,06/06/2025,16,3,0,9,1,2,0-999,2025,6,6,4,155
2025-07-06,1 pm,605,PIC,2025-12-20 04:23:21,06/07/2025,13,5,0,11,1,4,0-999,2025,7,6,6,185
2025-07-06,10 pm,152,LEO,2025-12-20 04:23:21,06/07/2025,22,2,5,8,0,10,0-999,2025,7,6,6,185
2025-07-06,4 pm,468,ACU,2025-12-20 04:23:21,06/07/2025,16,8,6,18,0,8,0-999,2025,7,6,6,185
2025-08-06,1 pm,948,ESC,2025-12-20 04:34:29,06/08/2025,13,8,4,21,0,1,0-999,2025,8,6,2,216
2025-08-06,10 pm,231,VIR,2025-12-20 04:34:29,06/08/2025,22,1,3,6,1,6,0-999,2025,8,6,2,216
2025-08-06,4 pm,642,ARI,2025-12-20 04:34:29,06/08/2025,16,2,4,12,0,9,0-999,2025,8,6,2,216
2025-09-06,1 pm,203,SAG,2025-12-20 04:45:37,06/09/2025,13,3,0,5,1,11,0-999,2025,9,6,5,247
2025-09-06,10 pm,515,SAG,2025-12-20 04:45:38,06/09/2025,22,5,1,11,1,11,0-999,2025,9,6,5,247
2025-09-06,4 pm,830,ACU,2025-12-20 04:45:37,06/09/2025,16,0,3,11,0,8,0-999,2025,9,6,5,247
2025-10-06,1 pm,29,CAP,2025-12-20 04:56:25,06/10/2025,13,9,2,11,1,7,0-999,2025,10,6,0,277
2025-10-06,10 pm,648,LEO,2025-12-20 04:56:25,06/10/2025,22,8,4,18,0,10,0-999,2025,10,6,0,277
2025-10-06,4 pm,408,PIC,2025-12-20 04:56:25,06/10/2025,16,8,0,12,0,4,0-999,2025,10,6,0,277
2025-01-07,1 pm,380,VIR,2025-12-20 03:18:44,07/01/2025,13,0,8,11,0,6,0-999,2025,1,7,1,5
2025-01-07,10 pm,909,LEO,2025-12-20 03:18:44,07/01/2025,22,9,0,18,1,10,0-999,2025,1,7,1,5
2025-01-07,4 pm,476,LEO,2025-12-20 03:18:44,07/01/2025,16,6,7,17,0,10,0-999,2025,1,7,1,5
2025-02-07,1 pm,990,TAU,2025-12-20 03:29:52,07/02/2025,13,0,9,18,0,0,0-999,2025,2,7,4,36
2025-02-07,10 pm,292,GEM,2025-12-20 03:29:52,07/02/2025,22,2,9,13,0,5,0-999,2025,2,7,4,36
2025-02-07,4 pm,723,PIC,2025-12-20 03:29:52,07/02/2025,16,3,2,12,1,4,0-999,2025,2,7,4,36
2025-03-07,1 pm,372,TAU,2025-12-20 03:39:55,07/03/2025,13,2,7,12,0,0,0-999,2025,3,7,4,64
2025-03-07,10 pm,288,CAN,2025-12-20 03:39:55,07/03/2025,22,8,8,18,0,3,0-999,2025,3,7,4,64
2025-03-07,4 pm,733,PIC,2025-12-20 03:39:55,07/03/2025,16,3,3,13,1,4,0-999,2025,3,7,4,64
2025-04-07,1 pm,153,PIC,2025-12-20 03:51:03,07/04/2025,13,3,5,9,1,4,0-999,2025,4,7,0,95
2025-04-07,10 pm,392,VIR,2025-12-20 03:51:03,07/04/2025,22,2,9,14,0,6,0-999,2025,4,7,0,95
2025-04-07,4 pm,353,ESC,2025-12-20 03:51:03,07/04/2025,16,3,5,11,1,1,0-999,2025,4,7,0,95
2025-05-07,1 pm,93,ESC,2025-12-20 04:01:49,07/05/2025,13,3,9,12,1,1,0-999,2025,5,7,2,125
2025-05-07,10 pm,845,LIB,2025-12-20 04:01:49,07/05/2025,22,5,4,17,1,2,0-999,2025,5,7,2,125
2025-05-07,4 pm,408,ARI,2025-12-20 04:01:49,07/05/2025,16,8,0,12,0,9,0-999,2025,5,7,2,125
2025-06-07,1 pm,411,ARI,2025-12-20 04:12:57,07/06/2025,13,1,1,6,1,9,0-999,2025,6,7,5,156
2025-06-07,10 pm,264,ESC,2025-12-20 04:12:57,07/06/2025,22,4,6,12,0,1,0-999,2025,6,7,5,156
2025-06-07,4 pm,708,VIR,2025-12-20 04:12:57,07/06/2025,16,8,0,15,0,6,0-999,2025,6,7,5,156
2025-07-07,1 pm,662,GEM,2025-12-20 04:23:43,07/07/2025,13,2,6,14,0,5,0-999,2025,7,7,0,186
2025-07-07,10 pm,314,ESC,2025-12-20 04:23:43,07/07/2025,22,4,1,8,0,1,0-999,2025,7,7,0,186
2025-07-07,4 pm,909,LEO,2025-12-20 04:23:43,07/07/2025,16,9,0,18,1,10,0-999,2025,7,7,0,186
2025-08-07,1 pm,745,CAN,2025-12-20 04:34:50,07/08/2025,13,5,4,16,1,3,0-999,2025,8,7,3,217
2025-08-07,10 pm,410,CAP,2025-12-20 04:34:51,07/08/2025,22,0,1,5,0,7,0-999,2025,8,7,3,217
2025-08-07,4 pm,755,TAU,2025-12-20 04:34:51,07/08/2025,16,5,5,17,1,0,0-999,2025,8,7,3,217
2025-09-07,1 pm,89,GEM,2025-12-20 04:45:59,07/09/2025,13,9,8,17,1,5,0-999,2025,9,7,6,248
2025-09-07,10 pm,634,LEO,2025-12-20 04:45:59,07/09/2025,22,4,3,13,0,10,0-999,2025,9,7,6,248
2025-09-07,4 pm,242,CAN,2025-12-20 04:45:59,07/09/2025,16,2,4,8,0,3,0-999,2025,9,7,6,248
2025-10-07,1 pm,455,LEO,2025-12-20 04:56:46,07/10/2025,13,5,5,14,1,10,0-999,2025,10,7,1,278
2025-10-07,10 pm,450,CAN,2025-12-20 04:56:46,07/10/2025,22,0,5,9,0,3,0-999,2025,10,7,1,278
2025-10-07,4 pm,554,GEM,2025-12-20 04:56:46,07/10/2025,16,4,5,14,0,5,0-999,2025,10,7,1,278
2025-01-08,1 pm,60,VIR,2025-12-20 03:19:05,08/01/2025,13,0,6,6,0,6,0-999,2025,1,8,2,6
2025-01-08,10 pm,476,ARI,2025-12-20 03:19:06,08/01/2025,22,6,7,17,0,9,0-999,2025,1,8,2,6
2025-01-08,4 pm,127,PIC,2025-12-20 03:19:06,08/01/2025,16,7,2,10,1,4,0-999,2025,1,8,2,6
2025-02-08,1 pm,238,TAU,2025-12-20 03:30:13,08/02/2025,13,8,3,13,0,0,0-999,2025,2,8,5,37
2025-02-08,10 pm,555,ESC,2025-12-20 03:30:13,08/02/2025,22,5,5,15,1,1,0-999,2025,2,8,5,37
2025-02-08,4 pm,849,SAG,2025-12-20 03:30:13,08/02/2025,16,9,4,21,1,11,0-999,2025,2,8,5,37
2025-03-08,1 pm,922,SAG,2025-12-20 03:40:16,08/03/2025,13,2,2,13,0,11,0-999,2025,3,8,5,65
2025-03-08,10 pm,749,CAN,2025-12-20 03:40:17,08/03/2025,22,9,4,20,1,3,0-999,2025,3,8,5,65
2025-03-08,4 pm,652,VIR,2025-12-20 03:40:16,08/03/2025,16,2,5,13,0,6,0-999,2025,3,8,5,65
2025-04-08,1 pm,985,SAG,2025-12-20 03:51:24,08/04/2025,13,5,8,22,1,11,0-999,2025,4,8,1,96
2025-04-08,10 pm,978,SAG,2025-12-20 03:51:25,08/04/2025,22,8,7,24,0,11,0-999,2025,4,8,1,96
2025-04-08,4 pm,308,VIR,2025-12-20 03:51:24,08/04/2025,16,8,0,11,0,6,0-999,2025,4,8,1,96
2025-05-08,1 pm,131,CAP,2025-12-20 04:02:11,08/05/2025,13,1,3,5,1,7,0-999,2025,5,8,3,126
2025-05-08,10 pm,577,CAN,2025-12-20 04:02:11,08/05/2025,22,7,7,19,1,3,0-999,2025,5,8,3,126
2025-05-08,4 pm,843,ESC,2025-12-20 04:02:11,08/05/2025,16,3,4,15,1,1,0-999,2025,5,8,3,126
2025-06-08,1 pm,717,CAP,2025-12-20 04:13:18,08/06/2025,13,7,1,15,1,7,0-999,2025,6,8,6,157
2025-06-08,10 pm,417,VIR,2025-12-20 04:13:18,08/06/2025,22,7,1,12,1,6,0-999,2025,6,8,6,157
2025-06-08,4 pm,466,LEO,2025-12-20 04:13:18,08/06/2025,16,6,6,16,0,10,0-999,2025,6,8,6,157
2025-07-08,1 pm,929,LIB,2025-12-20 04:24:04,08/07/2025,13,9,2,20,1,2,0-999,2025,7,8,1,187
2025-07-08,10 pm,379,LIB,2025-12-20 04:24:05,08/07/2025,22,9,7,19,1,2,0-999,2025,7,8,1,187
2025-07-08,4 pm,42,GEM,2025-12-20 04:24:04,08/07/2025,16,2,4,6,0,5,0-999,2025,7,8,1,187
2025-08-08,1 pm,405,VIR,2025-12-20 04:35:12,08/08/2025,13,5,0,9,1,6,0-999,2025,8,8,4,218
2025-08-08,10 pm,459,CAN,2025-12-20 04:35:12,08/08/2025,22,9,5,18,1,3,0-999,2025,8,8,4,218
2025-08-08,4 pm,804,VIR,2025-12-20 04:35:12,08/08/2025,16,4,0,12,0,6,0-999,2025,8,8,4,218
2025-09-08,1 pm,929,CAP,2025-12-20 04:46:21,08/09/2025,13,9,2,20,1,7,0-999,2025,9,8,0,249
2025-09-08,10 pm,75,ACU,2025-12-20 04:46:21,08/09/2025,22,5,7,12,1,8,0-999,2025,9,8,0,249
2025-09-08,4 pm,976,LEO,2025-12-20 04:46:21,08/09/2025,16,6,7,22,0,10,0-999,2025,9,8,0,249
2025-10-08,1 pm,770,TAU,2025-12-20 04:57:08,08/10/2025,13,0,7,14,0,0,0-999,2025,10,8,2,279
2025-10-08,10 pm,598,CAP,2025-12-20 04:57:08,08/10/2025,22,8,9,22,0,7,0-999,2025,10,8,2,279
2025-10-08,4 pm,912,SAG,2025-12-20 04:57:08,08/10/2025,16,2,1,12,0,11,0-999,2025,10,8,2,279
2025-01-09,1 pm,793,CAP,2025-12-20 03:19:27,09/01/2025,13,3,9,19,1,7,0-999,2025,1,9,3,7
2025-01-09,10 pm,235,ACU,2025-12-20 03:19:27,09/01/2025,22,5,3,10,1,8,0-999,2025,1,9,3,7
2025-01-09,4 pm,93,GEM,2025-12-20 03:19:27,09/01/2025,16,3,9,12,1,5,0-999,2025,1,9,3,7
2025-02-09,1 pm,342,ESC,2025-12-20 03:30:35,09/02/2025,13,2,4,9,0,1,0-999,2025,2,9,6,38
2025-02-09,10 pm,303,VIR,2025-12-20 03:30:35,09/02/2025,22,3,0,6,1,6,0-999,2025,2,9,6,38
2025-02-09,4 pm,690,LIB,2025-12-20 03:30:35,09/02/2025,16,0,9,15,0,2,0-999,2025,2,9,6,38
2025-03-09,1 pm,856,ESC,2025-12-20 03:40:38,09/03/2025,13,6,5,19,0,1,0-999,2025,3,9,6,66
2025-03-09,10 pm,246,LEO,2025-12-20 03:40:38,09/03/2025,22,6,4,12,0,10,0-999,2025,3,9,6,66
2025-03-09,4 pm,23,GEM,2025-12-20 03:40:38,09/03/2025,16,3,2,5,1,5,0-999,2025,3,9,6,66
2025-04-09,1 pm,322,GEM,2025-12-20 03:51:46,09/04/2025,13,2,2,7,0,5,0-999,2025,4,9,2,97
2025-04-09,10 pm,548,LEO,2025-12-20 03:51:46,09/04/2025,22,8,4,17,0,10,0-999,2025,4,9,2,97
2025-04-09,4 pm,955,ACU,2025-12-20 03:51:46,09/04/2025,16,5,5,19,1,8,0-999,2025,4,9,2,97
2025-05-09,1 pm,608,VIR,2025-12-20 04:02:32,09/05/2025,13,8,0,14,0,6,0-999,2025,5,9,4,127
2025-05-09,10 pm,259,SAG,2025-12-20 04:02:32,09/05/2025,22,9,5,16,1,11,0-999,2025,5,9,4,127
2025-05-09,4 pm,750,TAU,2025-12-20 04:02:32,09/05/2025,16,0,5,12,0,0,0-999,2025,5,9,4,127
2025-06-09,1 pm,895,ACU,2025-12-20 04:13:40,09/06/2025,13,5,9,22,1,8,0-999,2025,6,9,0,158
2025-06-09,10 pm,707,SAG,2025-12-20 04:13:40,09/06/2025,22,7,0,14,1,11,0-999,2025,6,9,0,158
2025-06-09,4 pm,941,CAN,2025-12-20 04:13:40,09/06/2025,16,1,4,14,1,3,0-999,2025,6,9,0,158
2025-07-09,1 pm,216,ESC,2025-12-20 04:24:26,09/07/2025,13,6,1,9,0,1,0-999,2025,7,9,2,188
2025-07-09,10 pm,869,CAN,2025-12-20 04:24:26,09/07/2025,22,9,6,23,1,3,0-999,2025,7,9,2,188
2025-07-09,4 pm,745,ESC,2025-12-20 04:24:26,09/07/2025,16,5,4,16,1,1,0-999,2025,7,9,2,188
2025-08-09,1 pm,69,ARI,2025-12-20 04:35:34,09/08/2025,13,9,6,15,1,9,0-999,2025,8,9,5,219
2025-08-09,10 pm,6,VIR,2025-12-20 04:35:34,09/08/2025,22,6,0,6,0,6,0-999,2025,8,9,5,219
2025-08-09,4 pm,602,SAG,2025-12-20 04:35:34,09/08/2025,16,2,0,8,0,11,0-999,2025,8,9,5,219
2025-09-09,1 pm,569,LIB,2025-12-20 04:46:42,09/09/2025,13,9,6,20,1,2,0-999,2025,9,9,1,250
2025-09-09,10 pm,89,GEM,2025-12-20 04:46:42,09/09/2025,22,9,8,17,1,5,0-999,2025,9,9,1,250
2025-09-09,4 pm,167,CAP,2025-12-20 04:46:42,09/09/2025,16,7,6,14,1,7,0-999,2025,9,9,1,250
2025-10-09,1 pm,332,VIR,2025-12-20 04:57:29,09/10/2025,13,2,3,8,0,6,0-999,2025,10,9,3,280
2025-10-09,10 pm,203,LIB,2025-12-20 04:57:29,09/10/2025,22,3,0,5,1,2,0-999,2025,10,9,3,280
2025-10-09,4 pm,667,SAG,2025-12-20 04:57:29,09/10/2025,16,7,6,19,1,11,0-999,2025,10,9,3,280
2025-01-10,1 pm,301,ESC,2025-12-20 03:19:49,10/01/2025,13,1,0,4,1,1,0-999,2025,1,10,4,8
2025-01-10,10 pm,900,CAP,2025-12-20 03:19:49,10/01/2025,22,0,0,9,0,7,0-999,2025,1,10,4,8
2025-01-10,4 pm,204,ARI,2025-12-20 03:19:49,10/01/2025,16,4,0,6,0,9,0-999,2025,1,10,4,8
2025-02-10,1 pm,860,GEM,2025-12-20 03:30:56,10/02/2025,13,0,6,14,0,5,0-999,2025,2,10,0,39
2025-02-10,10 pm,822,GEM,2025-12-20 03:30:57,10/02/2025,22,2,2,12,0,5,0-999,2025,2,10,0,39
2025-02-10,4 pm,989,LEO,2025-12-20 03:30:57,10/02/2025,16,9,8,26,1,10,0-999,2025,2,10,0,39
2025-03-10,1 pm,259,PIC,2025-12-20 03:40:59,10/03/2025,13,9,5,16,1,4,0-999,2025,3,10,0,67
2025-03-10,10 pm,153,CAN,2025-12-20 03:41:00,10/03/2025,22,3,5,9,1,3,0-999,2025,3,10,0,67
2025-03-10,4 pm,675,GEM,2025-12-20 03:41:00,10/03/2025,16,5,7,18,1,5,0-999,2025,3,10,0,67
2025-04-10,1 pm,659,SAG,2025-12-20 03:52:08,10/04/2025,13,9,5,20,1,11,0-999,2025,4,10,3,98
2025-04-10,10 pm,278,SAG,2025-12-20 03:52:08,10/04/2025,22,8,7,17,0,11,0-999,2025,4,10,3,98
2025-04-10,4 pm,283,GEM,2025-12-20 03:52:08,10/04/2025,16,3,8,13,1,5,0-999,2025,4,10,3,98
2025-05-10,1 pm,707,SAG,2025-12-20 04:02:54,10/05/2025,13,7,0,14,1,11,0-999,2025,5,10,5,128
2025-05-10,10 pm,346,CAP,2025-12-20 04:02:54,10/05/2025,22,6,4,13,0,7,0-999,2025,5,10,5,128
2025-05-10,4 pm,689,ACU,2025-12-20 04:02:54,10/05/2025,16,9,8,23,1,8,0-999,2025,5,10,5,128
2025-06-10,1 pm,442,ESC,2025-12-20 04:14:01,10/06/2025,13,2,4,10,0,1,0-999,2025,6,10,1,159
2025-06-10,10 pm,52,CAN,2025-12-20 04:14:01,10/06/2025,22,2,5,7,0,3,0-999,2025,6,10,1,159
2025-06-10,4 pm,73,CAN,2025-12-20 04:14:01,10/06/2025,16,3,7,10,1,3,0-999,2025,6,10,1,159
2025-07-10,1 pm,728,PIC,2025-12-20 04:24:47,10/07/2025,13,8,2,17,0,4,0-999,2025,7,10,3,189
2025-07-10,10 pm,997,GEM,2025-12-20 04:24:48,10/07/2025,22,7,9,25,1,5,0-999,2025,7,10,3,189
2025-07-10,4 pm,70,CAP,2025-12-20 04:24:47,10/07/2025,16,0,7,7,0,7,0-999,2025,7,10,3,189
2025-08-10,1 pm,772,LIB,2025-12-20 04:35:55,10/08/2025,13,2,7,16,0,2,0-999,2025,8,10,6,220
2025-08-10,10 pm,62,ARI,2025-12-20 04:35:55,10/08/2025,22,2,6,8,0,9,0-999,2025,8,10,6,220
2025-08-10,4 pm,887,VIR,2025-12-20 04:35:55,10/08/2025,16,7,8,23,1,6,0-999,2025,8,10,6,220
2025-09-10,1 pm,137,GEM,2025-12-20 04:47:04,10/09/2025,13,7,3,11,1,5,0-999,2025,9,10,2,251
2025-09-10,10 pm,717,ACU,2025-12-20 04:47:04,10/09/2025,22,7,1,15,1,8,0-999,2025,9,10,2,251
2025-09-10,4 pm,783,CAP,2025-12-20 04:47:04,10/09/2025,16,3,8,18,1,7,0-999,2025,9,10,2,251
2025-10-10,1 pm,923,LIB,2025-12-20 04:57:51,10/10/2025,13,3,2,14,1,2,0-999,2025,10,10,4,281
2025-10-10,10 pm,448,CAP,2025-12-20 04:57:51,10/10/2025,22,8,4,16,0,7,0-999,2025,10,10,4,281
2025-10-10,4 pm,678,ESC,2025-12-20 04:57:51,10/10/2025,16,8,7,21,0,1,0-999,2025,10,10,4,281
2025-01-11,1 pm,570,ARI,2025-12-20 03:20:10,11/01/2025,13,0,7,12,0,9,0-999,2025,1,11,5,9
2025-01-11,10 pm,900,CAN,2025-12-20 03:20:10,11/01/2025,22,0,0,9,0,3,0-999,2025,1,11,5,9
2025-01-11,4 pm,666,CAP,2025-12-20 03:20:10,11/01/2025,16,6,6,18,0,7,0-999,2025,1,11,5,9
2025-02-11,1 pm,999,TAU,2025-12-20 03:31:18,11/02/2025,13,9,9,27,1,0,0-999,2025,2,11,1,40
2025-02-11,10 pm,865,CAP,2025-12-20 03:31:18,11/02/2025,22,5,6,19,1,7,0-999,2025,2,11,1,40
2025-02-11,4 pm,354,ACU,2025-12-20 03:31:18,11/02/2025,16,4,5,12,0,8,0-999,2025,2,11,1,40
2025-03-11,1 pm,334,ARI,2025-12-20 03:41:21,11/03/2025,13,4,3,10,0,9,0-999,2025,3,11,1,68
2025-03-11,10 pm,245,ACU,2025-12-20 03:41:21,11/03/2025,22,5,4,11,1,8,0-999,2025,3,11,1,68
2025-03-11,4 pm,860,ARI,2025-12-20 03:41:21,11/03/2025,16,0,6,14,0,9,0-999,2025,3,11,1,68
2025-04-11,1 pm,24,LEO,2025-12-20 03:52:29,11/04/2025,13,4,2,6,0,10,0-999,2025,4,11,4,99
2025-04-11,10 pm,724,PIC,2025-12-20 03:52:29,11/04/2025,22,4,2,13,0,4,0-999,2025,4,11,4,99
2025-04-11,4 pm,163,PIC,2025-12-20 03:52:29,11/04/2025,16,3,6,10,1,4,0-999,2025,4,11,4,99
2025-05-11,1 pm,741,SAG,2025-12-20 04:03:15,11/05/2025,13,1,4,12,1,11,0-999,2025,5,11,6,129
2025-05-11,10 pm,761,ESC,2025-12-20 04:03:15,11/05/2025,22,1,6,14,1,1,0-999,2025,5,11,6,129
2025-05-11,4 pm,665,PIC,2025-12-20 04:03:15,11/05/2025,16,5,6,17,1,4,0-999,2025,5,11,6,129
2025-06-11,1 pm,868,SAG,2025-12-20 04:14:23,11/06/2025,13,8,6,22,0,11,0-999,2025,6,11,2,160
2025-06-11,10 pm,409,ESC,2025-12-20 04:14:23,11/06/2025,22,9,0,13,1,1,0-999,2025,6,11,2,160
2025-06-11,4 pm,612,ACU,2025-12-20 04:14:23,11/06/2025,16,2,1,9,0,8,0-999,2025,6,11,2,160
2025-07-11,1 pm,5,ESC,2025-12-20 04:25:09,11/07/2025,13,5,0,5,1,1,0-999,2025,7,11,4,190
2025-07-11,10 pm,45,TAU,2025-12-20 04:25:09,11/07/2025,22,5,4,9,1,0,0-999,2025,7,11,4,190
2025-07-11,4 pm,732,ESC,2025-12-20 04:25:09,11/07/2025,16,2,3,12,0,1,0-999,2025,7,11,4,190
2025-08-11,1 pm,399,VIR,2025-12-20 04:36:17,11/08/2025,13,9,9,21,1,6,0-999,2025,8,11,0,221
2025-08-11,10 pm,240,ESC,2025-12-20 04:36:17,11/08/2025,22,0,4,6,0,1,0-999,2025,8,11,0,221
2025-08-11,4 pm,449,VIR,2025-12-20 04:36:17,11/08/2025,16,9,4,17,1,6,0-999,2025,8,11,0,221
2025-09-11,1 pm,106,GEM,2025-12-20 04:47:25,11/09/2025,13,6,0,7,0,5,0-999,2025,9,11,3,252
2025-09-11,10 pm,242,ARI,2025-12-20 04:47:26,11/09/2025,22,2,4,8,0,9,0-999,2025,9,11,3,252
2025-09-11,4 pm,219,LIB,2025-12-20 04:47:25,11/09/2025,16,9,1,12,1,2,0-999,2025,9,11,3,252
2025-10-11,1 pm,261,ARI,2025-12-20 04:58:12,11/10/2025,13,1,6,9,1,9,0-999,2025,10,11,5,282
2025-10-11,10 pm,787,SAG,2025-12-20 04:58:13,11/10/2025,22,7,8,22,1,11,0-999,2025,10,11,5,282
2025-10-11,4 pm,427,CAP,2025-12-20 04:58:12,11/10/2025,16,7,2,13,1,7,0-999,2025,10,11,5,282
2025-01-12,1 pm,451,ACU,2025-12-20 03:20:32,12/01/2025,13,1,5,10,1,8,0-999,2025,1,12,6,10
2025-01-12,10 pm,626,ARI,2025-12-20 03:20:32,12/01/2025,22,6,2,14,0,9,0-999,2025,1,12,6,10
2025-01-12,4 pm,947,ESC,2025-12-20 03:20:32,12/01/2025,16,7,4,20,1,1,0-999,2025,1,12,6,10
2025-02-12,1 pm,189,ESC,2025-12-20 03:31:39,12/02/2025,13,9,8,18,1,1,0-999,2025,2,12,2,41
2025-02-12,10 pm,838,ACU,2025-12-20 03:31:40,12/02/2025,22,8,3,19,0,8,0-999,2025,2,12,2,41
2025-02-12,4 pm,227,TAU,2025-12-20 03:31:40,12/02/2025,16,7,2,11,1,0,0-999,2025,2,12,2,41
2025-03-12,1 pm,881,ESC,2025-12-20 03:41:43,12/03/2025,13,1,8,17,1,1,0-999,2025,3,12,2,69
2025-03-12,10 pm,423,CAP,2025-12-20 03:41:43,12/03/2025,22,3,2,9,1,7,0-999,2025,3,12,2,69
2025-03-12,4 pm,161,ACU,2025-12-20 03:41:43,12/03/2025,16,1,6,8,1,8,0-999,2025,3,12,2,69
2025-04-12,1 pm,528,ESC,2025-12-20 03:52:51,12/04/2025,13,8,2,15,0,1,0-999,2025,4,12,5,100
2025-04-12,10 pm,319,LIB,2025-12-20 03:52:51,12/04/2025,22,9,1,13,1,2,0-999,2025,4,12,5,100
2025-04-12,4 pm,488,SAG,2025-12-20 03:52:51,12/04/2025,16,8,8,20,0,11,0-999,2025,4,12,5,100
2025-05-12,1 pm,416,ESC,2025-12-20 04:03:37,12/05/2025,13,6,1,11,0,1,0-999,2025,5,12,0,130
2025-05-12,10 pm,744,CAN,2025-12-20 04:03:37,12/05/2025,22,4,4,15,0,3,0-999,2025,5,12,0,130
2025-05-12,4 pm,914,CAP,2025-12-20 04:03:37,12/05/2025,16,4,1,14,0,7,0-999,2025,5,12,0,130
2025-06-12,1 pm,257,GEM,2025-12-20 04:14:44,12/06/2025,13,7,5,14,1,5,0-999,2025,6,12,3,161
2025-06-12,10 pm,194,PIC,2025-12-20 04:14:44,12/06/2025,22,4,9,14,0,4,0-999,2025,6,12,3,161
2025-06-12,4 pm,498,GEM,2025-12-20 04:14:44,12/06/2025,16,8,9,21,0,5,0-999,2025,6,12,3,161
2025-07-12,1 pm,290,ACU,2025-12-20 04:25:31,12/07/2025,13,0,9,11,0,8,0-999,2025,7,12,5,191
2025-07-12,10 pm,489,CAN,2025-12-20 04:25:31,12/07/2025,22,9,8,21,1,3,0-999,2025,7,12,5,191
2025-07-12,4 pm,226,ARI,2025-12-20 04:25:31,12/07/2025,16,6,2,10,0,9,0-999,2025,7,12,5,191
2025-08-12,1 pm,82,VIR,2025-12-20 04:36:38,12/08/2025,13,2,8,10,0,6,0-999,2025,8,12,1,222
2025-08-12,10 pm,366,ARI,2025-12-20 04:36:39,12/08/2025,22,6,6,15,0,9,0-999,2025,8,12,1,222
2025-08-12,4 pm,640,CAP,2025-12-20 04:36:38,12/08/2025,16,0,4,10,0,7,0-999,2025,8,12,1,222
2025-09-12,1 pm,354,VIR,2025-12-20 04:47:47,12/09/2025,13,4,5,12,0,6,0-999,2025,9,12,4,253
2025-09-12,10 pm,336,PIC,2025-12-20 04:47:47,12/09/2025,22,6,3,12,0,4,0-999,2025,9,12,4,253
2025-09-12,4 pm,586,LIB,2025-12-20 04:47:47,12/09/2025,16,6,8,19,0,2,0-999,2025,9,12,4,253
2025-10-12,1 pm,324,CAP,2025-12-20 04:58:34,12/10/2025,13,4,2,9,0,7,0-999,2025,10,12,6,283
2025-10-12,10 pm,935,TAU,2025-12-20 04:58:34,12/10/2025,22,5,3,17,1,0,0-999,2025,10,12,6,283
2025-10-12,4 pm,804,CAP,2025-12-20 04:58:34,12/10/2025,16,4,0,12,0,7,0-999,2025,10,12,6,283
2025-01-13,1 pm,329,TAU,2025-12-20 03:20:53,13/01/2025,13,9,2,14,1,0,0-999,2025,1,13,0,11
2025-01-13,10 pm,952,SAG,2025-12-20 03:20:53,13/01/2025,22,2,5,16,0,11,0-999,2025,1,13,0,11
2025-01-13,4 pm,639,GEM,2025-12-20 03:20:53,13/01/2025,16,9,3,18,1,5,0-999,2025,1,13,0,11
2025-02-13,1 pm,270,CAP,2025-12-20 03:32:01,13/02/2025,13,0,7,9,0,7,0-999,2025,2,13,3,42
2025-02-13,10 pm,852,PIC,2025-12-20 03:32:01,13/02/2025,22,2,5,15,0,4,0-999,2025,2,13,3,42
2025-02-13,4 pm,276,LEO,2025-12-20 03:32:01,13/02/2025,16,6,7,15,0,10,0-999,2025,2,13,3,42
2025-03-13,1 pm,251,VIR,2025-12-20 03:42:04,13/03/2025,13,1,5,8,1,6,0-999,2025,3,13,3,70
2025-03-13,10 pm,683,ACU,2025-12-20 03:42:04,13/03/2025,22,3,8,17,1,8,0-999,2025,3,13,3,70
2025-03-13,4 pm,724,ESC,2025-12-20 03:42:04,13/03/2025,16,4,2,13,0,1,0-999,2025,3,13,3,70
2025-04-13,1 pm,495,VIR,2025-12-20 03:53:12,13/04/2025,13,5,9,18,1,6,0-999,2025,4,13,6,101
2025-04-13,10 pm,382,GEM,2025-12-20 03:53:12,13/04/2025,22,2,8,13,0,5,0-999,2025,4,13,6,101
2025-04-13,4 pm,62,TAU,2025-12-20 03:53:12,13/04/2025,16,2,6,8,0,0,0-999,2025,4,13,6,101
2025-05-13,1 pm,35,PIC,2025-12-20 04:03:58,13/05/2025,13,5,3,8,1,4,0-999,2025,5,13,1,131
2025-05-13,10 pm,183,GEM,2025-12-20 04:03:59,13/05/2025,22,3,8,12,1,5,0-999,2025,5,13,1,131
2025-05-13,4 pm,243,LEO,2025-12-20 04:03:58,13/05/2025,16,3,4,9,1,10,0-999,2025,5,13,1,131
2025-06-13,1 pm,792,PIC,2025-12-20 04:15:06,13/06/2025,13,2,9,18,0,4,0-999,2025,6,13,4,162
2025-06-13,10 pm,735,CAP,2025-12-20 04:15:06,13/06/2025,22,5,3,15,1,7,0-999,2025,6,13,4,162
2025-06-13,4 pm,363,ESC,2025-12-20 04:15:06,13/06/2025,16,3,6,12,1,1,0-999,2025,6,13,4,162
2025-07-13,1 pm,599,LIB,2025-12-20 04:25:52,13/07/2025,13,9,9,23,1,2,0-999,2025,7,13,6,192
2025-07-13,10 pm,719,LEO,2025-12-20 04:25:53,13/07/2025,22,9,1,17,1,10,0-999,2025,7,13,6,192
2025-07-13,4 pm,87,VIR,2025-12-20 04:25:52,13/07/2025,16,7,8,15,1,6,0-999,2025,7,13,6,192
2025-08-13,1 pm,370,GEM,2025-12-20 04:37:00,13/08/2025,13,0,7,10,0,5,0-999,2025,8,13,2,223
2025-08-13,10 pm,912,ARI,2025-12-20 04:37:00,13/08/2025,22,2,1,12,0,9,0-999,2025,8,13,2,223
2025-08-13,4 pm,628,CAN,2025-12-20 04:37:00,13/08/2025,16,8,2,16,0,3,0-999,2025,8,13,2,223
2025-09-13,1 pm,21,LIB,2025-12-20 04:48:08,13/09/2025,13,1,2,3,1,2,0-999,2025,9,13,5,254
2025-09-13,10 pm,622,GEM,2025-12-20 04:48:09,13/09/2025,22,2,2,10,0,5,0-999,2025,9,13,5,254
2025-09-13,4 pm,221,LEO,2025-12-20 04:48:09,13/09/2025,16,1,2,5,1,10,0-999,2025,9,13,5,254
2025-10-13,1 pm,986,TAU,2025-12-20 04:58:55,13/10/2025,13,6,8,23,0,0,0-999,2025,10,13,0,284
2025-10-13,10 pm,941,LIB,2025-12-20 04:58:56,13/10/2025,22,1,4,14,1,2,0-999,2025,10,13,0,284
2025-10-13,4 pm,548,LIB,2025-12-20 04:58:55,13/10/2025,16,8,4,17,0,2,0-999,2025,10,13,0,284
2025-01-14,1 pm,73,CAN,2025-12-20 03:21:15,14/01/2025,13,3,7,10,1,3,0-999,2025,1,14,1,12
2025-01-14,10 pm,497,ARI,2025-12-20 03:21:15,14/01/2025,22,7,9,20,1,9,0-999,2025,1,14,1,12
2025-01-14,4 pm,862,VIR,2025-12-20 03:21:15,14/01/2025,16,2,6,16,0,6,0-999,2025,1,14,1,12
2025-02-14,1 pm,962,ARI,2025-12-20 03:32:22,14/02/2025,13,2,6,17,0,9,0-999,2025,2,14,4,43
2025-02-14,10 pm,782,CAN,2025-12-20 03:32:23,14/02/2025,22,2,8,17,0,3,0-999,2025,2,14,4,43
2025-02-14,4 pm,605,VIR,2025-12-20 03:32:23,14/02/2025,16,5,0,11,1,6,0-999,2025,2,14,4,43
2025-03-14,1 pm,231,ESC,2025-12-20 03:42:26,14/03/2025,13,1,3,6,1,1,0-999,2025,3,14,4,71
2025-03-14,10 pm,205,ESC,2025-12-20 03:42:26,14/03/2025,22,5,0,7,1,1,0-999,2025,3,14,4,71
2025-03-14,4 pm,162,CAP,2025-12-20 03:42:26,14/03/2025,16,2,6,9,0,7,0-999,2025,3,14,4,71
2025-04-14,1 pm,843,CAN,2025-12-20 03:53:34,14/04/2025,13,3,4,15,1,3,0-999,2025,4,14,0,102
2025-04-14,10 pm,978,SAG,2025-12-20 03:53:34,14/04/2025,22,8,7,24,0,11,0-999,2025,4,14,0,102
2025-04-14,4 pm,934,ACU,2025-12-20 03:53:34,14/04/2025,16,4,3,16,0,8,0-999,2025,4,14,0,102
2025-05-14,1 pm,264,ESC,2025-12-20 04:04:20,14/05/2025,13,4,6,12,0,1,0-999,2025,5,14,2,132
2025-05-14,10 pm,489,CAP,2025-12-20 04:04:20,14/05/2025,22,9,8,21,1,7,0-999,2025,5,14,2,132
2025-05-14,4 pm,837,CAN,2025-12-20 04:04:20,14/05/2025,16,7,3,18,1,3,0-999,2025,5,14,2,132
2025-06-14,1 pm,528,SAG,2025-12-20 04:15:27,14/06/2025,13,8,2,15,0,11,0-999,2025,6,14,5,163
2025-06-14,10 pm,333,CAP,2025-12-20 04:15:28,14/06/2025,22,3,3,9,1,7,0-999,2025,6,14,5,163
2025-06-14,4 pm,541,PIC,2025-12-20 04:15:27,14/06/2025,16,1,4,10,1,4,0-999,2025,6,14,5,163
2025-07-14,1 pm,234,CAP,2025-12-20 04:26:14,14/07/2025,13,4,3,9,0,7,0-999,2025,7,14,0,193
2025-07-14,10 pm,688,CAP,2025-12-20 04:26:14,14/07/2025,22,8,8,22,0,7,0-999,2025,7,14,0,193
2025-07-14,4 pm,201,ESC,2025-12-20 04:26:14,14/07/2025,16,1,0,3,1,1,0-999,2025,7,14,0,193
2025-08-14,1 pm,976,SAG,2025-12-20 04:37:22,14/08/2025,13,6,7,22,0,11,0-999,2025,8,14,3,224
2025-08-14,10 pm,369,TAU,2025-12-20 04:37:22,14/08/2025,22,9,6,18,1,0,0-999,2025,8,14,3,224
2025-08-14,4 pm,996,CAP,2025-12-20 04:37:22,14/08/2025,16,6,9,24,0,7,0-999,2025,8,14,3,224
2025-09-14,1 pm,724,ACU,2025-12-20 04:48:30,14/09/2025,13,4,2,13,0,8,0-999,2025,9,14,6,255
2025-09-14,10 pm,912,GEM,2025-12-20 04:48:30,14/09/2025,22,2,1,12,0,5,0-999,2025,9,14,6,255
2025-09-14,4 pm,813,ESC,2025-12-20 04:48:30,14/09/2025,16,3,1,12,1,1,0-999,2025,9,14,6,255
2025-10-14,1 pm,481,PIC,2025-12-20 04:59:17,14/10/2025,13,1,8,13,1,4,0-999,2025,10,14,1,285
2025-10-14,10 pm,161,LIB,2025-12-20 04:59:17,14/10/2025,22,1,6,8,1,2,0-999,2025,10,14,1,285
2025-10-14,4 pm,897,ESC,2025-12-20 04:59:17,14/10/2025,16,7,9,24,1,1,0-999,2025,10,14,1,285
2025-01-15,1 pm,199,GEM,2025-12-20 03:21:36,15/01/2025,13,9,9,19,1,5,0-999,2025,1,15,2,13
2025-01-15,10 pm,697,ARI,2025-12-20 03:21:36,15/01/2025,22,7,9,22,1,9,0-999,2025,1,15,2,13
2025-01-15,4 pm,414,VIR,2025-12-20 03:21:36,15/01/2025,16,4,1,9,0,6,0-999,2025,1,15,2,13
2025-02-15,1 pm,599,ACU,2025-12-20 03:32:44,15/02/2025,13,9,9,23,1,8,0-999,2025,2,15,5,44
2025-02-15,10 pm,673,SAG,2025-12-20 03:32:44,15/02/2025,22,3,7,16,1,11,0-999,2025,2,15,5,44
2025-02-15,4 pm,263,GEM,2025-12-20 03:32:44,15/02/2025,16,3,6,11,1,5,0-999,2025,2,15,5,44
2025-03-15,1 pm,169,PIC,2025-12-20 03:42:47,15/03/2025,13,9,6,16,1,4,0-999,2025,3,15,5,72
2025-03-15,10 pm,960,CAN,2025-12-20 03:42:47,15/03/2025,22,0,6,15,0,3,0-999,2025,3,15,5,72
2025-03-15,4 pm,693,CAN,2025-12-20 03:42:47,15/03/2025,16,3,9,18,1,3,0-999,2025,3,15,5,72
2025-04-15,1 pm,713,LEO,2025-12-20 03:53:55,15/04/2025,13,3,1,11,1,10,0-999,2025,4,15,1,103
2025-04-15,10 pm,323,SAG,2025-12-20 03:53:55,15/04/2025,22,3,2,8,1,11,0-999,2025,4,15,1,103
2025-04-15,4 pm,844,LEO,2025-12-20 03:53:55,15/04/2025,16,4,4,16,0,10,0-999,2025,4,15,1,103
2025-05-15,1 pm,359,ARI,2025-12-20 04:04:41,15/05/2025,13,9,5,17,1,9,0-999,2025,5,15,3,133
2025-05-15,10 pm,818,VIR,2025-12-20 04:04:42,15/05/2025,22,8,1,17,0,6,0-999,2025,5,15,3,133
2025-05-15,4 pm,430,CAN,2025-12-20 04:04:41,15/05/2025,16,0,3,7,0,3,0-999,2025,5,15,3,133
2025-06-15,1 pm,558,ACU,2025-12-20 04:15:49,15/06/2025,13,8,5,18,0,8,0-999,2025,6,15,6,164
2025-06-15,10 pm,806,LIB,2025-12-20 04:15:49,15/06/2025,22,6,0,14,0,2,0-999,2025,6,15,6,164
2025-06-15,4 pm,292,LEO,2025-12-20 04:15:49,15/06/2025,16,2,9,13,0,10,0-999,2025,6,15,6,164
2025-07-15,1 pm,744,ESC,2025-12-20 04:26:36,15/07/2025,13,4,4,15,0,1,0-999,2025,7,15,1,194
2025-07-15,10 pm,299,ARI,2025-12-20 04:26:36,15/07/2025,22,9,9,20,1,9,0-999,2025,7,15,1,194
2025-07-15,4 pm,935,ARI,2025-12-20 04:26:36,15/07/2025,16,5,3,17,1,9,0-999,2025,7,15,1,194
2025-08-15,1 pm,139,CAP,2025-12-20 04:37:43,15/08/2025,13,9,3,13,1,7,0-999,2025,8,15,4,225
2025-08-15,10 pm,128,TAU,2025-12-20 04:37:43,15/08/2025,22,8,2,11,0,0,0-999,2025,8,15,4,225
2025-08-15,4 pm,467,SAG,2025-12-20 04:37:43,15/08/2025,16,7,6,17,1,11,0-999,2025,8,15,4,225
2025-09-15,1 pm,502,CAN,2025-12-20 04:48:52,15/09/2025,13,2,0,7,0,3,0-999,2025,9,15,0,256
2025-09-15,10 pm,349,CAP,2025-12-20 04:48:52,15/09/2025,22,9,4,16,1,7,0-999,2025,9,15,0,256
2025-09-15,4 pm,951,ESC,2025-12-20 04:48:52,15/09/2025,16,1,5,15,1,1,0-999,2025,9,15,0,256
2025-10-15,1 pm,462,CAP,2025-12-20 04:59:38,15/10/2025,13,2,6,12,0,7,0-999,2025,10,15,2,286
2025-10-15,10 pm,125,LEO,2025-12-20 04:59:39,15/10/2025,22,5,2,8,1,10,0-999,2025,10,15,2,286
2025-10-15,4 pm,431,LIB,2025-12-20 04:59:39,15/10/2025,16,1,3,8,1,2,0-999,2025,10,15,2,286
2025-01-16,1 pm,936,LIB,2025-12-20 03:21:58,16/01/2025,13,6,3,18,0,2,0-999,2025,1,16,3,14
2025-01-16,10 pm,837,CAP,2025-12-20 03:21:58,16/01/2025,22,7,3,18,1,7,0-999,2025,1,16,3,14
2025-01-16,4 pm,86,ACU,2025-12-20 03:21:58,16/01/2025,16,6,8,14,0,8,0-999,2025,1,16,3,14
2025-02-16,1 pm,691,ACU,2025-12-20 03:33:06,16/02/2025,13,1,9,16,1,8,0-999,2025,2,16,6,45
2025-02-16,10 pm,885,LIB,2025-12-20 03:33:06,16/02/2025,22,5,8,21,1,2,0-999,2025,2,16,6,45
2025-02-16,4 pm,469,ESC,2025-12-20 03:33:06,16/02/2025,16,9,6,19,1,1,0-999,2025,2,16,6,45
2025-03-16,1 pm,900,LEO,2025-12-20 03:43:09,16/03/2025,13,0,0,9,0,10,0-999,2025,3,16,6,73
2025-03-16,10 pm,2,GEM,2025-12-20 03:43:09,16/03/2025,22,2,0,2,0,5,0-999,2025,3,16,6,73
2025-03-16,4 pm,373,LEO,2025-12-20 03:43:09,16/03/2025,16,3,7,13,1,10,0-999,2025,3,16,6,73
2025-04-16,1 pm,31,ARI,2025-12-20 03:54:17,16/04/2025,13,1,3,4,1,9,0-999,2025,4,16,2,104
2025-04-16,10 pm,655,GEM,2025-12-20 03:54:17,16/04/2025,22,5,5,16,1,5,0-999,2025,4,16,2,104
2025-04-16,4 pm,649,ARI,2025-12-20 03:54:17,16/04/2025,16,9,4,19,1,9,0-999,2025,4,16,2,104
2025-05-16,1 pm,606,SAG,2025-12-20 04:05:03,16/05/2025,13,6,0,12,0,11,0-999,2025,5,16,4,134
2025-05-16,10 pm,831,LIB,2025-12-20 04:05:03,16/05/2025,22,1,3,12,1,2,0-999,2025,5,16,4,134
2025-05-16,4 pm,270,VIR,2025-12-20 04:05:03,16/05/2025,16,0,7,9,0,6,0-999,2025,5,16,4,134
2025-06-16,1 pm,666,ACU,2025-12-20 04:16:10,16/06/2025,13,6,6,18,0,8,0-999,2025,6,16,0,165
2025-06-16,10 pm,181,TAU,2025-12-20 04:16:11,16/06/2025,22,1,8,10,1,0,0-999,2025,6,16,0,165
2025-06-16,4 pm,723,LEO,2025-12-20 04:16:11,16/06/2025,16,3,2,12,1,10,0-999,2025,6,16,0,165
2025-07-16,1 pm,240,VIR,2025-12-20 04:26:57,16/07/2025,13,0,4,6,0,6,0-999,2025,7,16,2,195
2025-07-16,10 pm,973,LEO,2025-12-20 04:26:57,16/07/2025,22,3,7,19,1,10,0-999,2025,7,16,2,195
2025-07-16,4 pm,135,ARI,2025-12-20 04:26:57,16/07/2025,16,5,3,9,1,9,0-999,2025,7,16,2,195
2025-08-16,1 pm,661,SAG,2025-12-20 04:38:05,16/08/2025,13,1,6,13,1,11,0-999,2025,8,16,5,226
2025-08-16,10 pm,384,ESC,2025-12-20 04:38:05,16/08/2025,22,4,8,15,0,1,0-999,2025,8,16,5,226
2025-08-16,4 pm,23,CAP,2025-12-20 04:38:05,16/08/2025,16,3,2,5,1,7,0-999,2025,8,16,5,226
2025-09-16,1 pm,802,TAU,2025-12-20 04:49:13,16/09/2025,13,2,0,10,0,0,0-999,2025,9,16,1,257
2025-09-16,10 pm,360,SAG,2025-12-20 04:49:13,16/09/2025,22,0,6,9,0,11,0-999,2025,9,16,1,257
2025-09-16,4 pm,314,VIR,2025-12-20 04:49:13,16/09/2025,16,4,1,8,0,6,0-999,2025,9,16,1,257
2025-10-16,1 pm,330,TAU,2025-12-20 05:00:00,16/10/2025,13,0,3,6,0,0,0-999,2025,10,16,3,287
2025-10-16,10 pm,237,ACU,2025-12-20 05:00:00,16/10/2025,22,7,3,12,1,8,0-999,2025,10,16,3,287
2025-10-16,4 pm,245,CAN,2025-12-20 05:00:00,16/10/2025,16,5,4,11,1,3,0-999,2025,10,16,3,287
2025-01-17,1 pm,827,CAN,2025-12-20 03:22:20,17/01/2025,13,7,2,17,1,3,0-999,2025,1,17,4,15
2025-01-17,10 pm,558,PIC,2025-12-20 03:22:20,17/01/2025,22,8,5,18,0,4,0-999,2025,1,17,4,15
2025-01-17,4 pm,867,GEM,2025-12-20 03:22:20,17/01/2025,16,7,6,21,1,5,0-999,2025,1,17,4,15
2025-02-17,1 pm,307,VIR,2025-12-20 03:33:27,17/02/2025,13,7,0,10,1,6,0-999,2025,2,17,0,46
2025-02-17,10 pm,457,TAU,2025-12-20 03:33:27,17/02/2025,22,7,5,16,1,0,0-999,2025,2,17,0,46
2025-02-17,4 pm,977,PIC,2025-12-20 03:33:27,17/02/2025,16,7,7,23,1,4,0-999,2025,2,17,0,46
2025-03-17,1 pm,453,ACU,2025-12-20 03:43:30,17/03/2025,13,3,5,12,1,8,0-999,2025,3,17,0,74
2025-03-17,10 pm,88,VIR,2025-12-20 03:43:30,17/03/2025,22,8,8,16,0,6,0-999,2025,3,17,0,74
2025-03-17,4 pm,620,GEM,2025-12-20 03:43:30,17/03/2025,16,0,2,8,0,5,0-999,2025,3,17,0,74
2025-05-17,1 pm,820,ESC,2025-12-20 04:05:24,17/05/2025,13,0,2,10,0,1,0-999,2025,5,17,5,135
2025-05-17,10 pm,389,CAN,2025-12-20 04:05:25,17/05/2025,22,9,8,20,1,3,0-999,2025,5,17,5,135
2025-05-17,4 pm,547,LEO,2025-12-20 04:05:25,17/05/2025,16,7,4,16,1,10,0-999,2025,5,17,5,135
2025-06-17,1 pm,738,TAU,2025-12-20 04:16:32,17/06/2025,13,8,3,18,0,0,0-999,2025,6,17,1,166
2025-06-17,10 pm,219,LEO,2025-12-20 04:16:32,17/06/2025,22,9,1,12,1,10,0-999,2025,6,17,1,166
2025-06-17,4 pm,410,ESC,2025-12-20 04:16:32,17/06/2025,16,0,1,5,0,1,0-999,2025,6,17,1,166
2025-07-17,1 pm,333,GEM,2025-12-20 04:27:19,17/07/2025,13,3,3,9,1,5,0-999,2025,7,17,3,196
2025-07-17,10 pm,322,VIR,2025-12-20 04:27:19,17/07/2025,22,2,2,7,0,6,0-999,2025,7,17,3,196
2025-07-17,4 pm,488,VIR,2025-12-20 04:27:19,17/07/2025,16,8,8,20,0,6,0-999,2025,7,17,3,196
2025-08-17,1 pm,619,LEO,2025-12-20 04:38:26,17/08/2025,13,9,1,16,1,10,0-999,2025,8,17,6,227
2025-08-17,10 pm,627,GEM,2025-12-20 04:38:26,17/08/2025,22,7,2,15,1,5,0-999,2025,8,17,6,227
2025-08-17,4 pm,205,CAP,2025-12-20 04:38:26,17/08/2025,16,5,0,7,1,7,0-999,2025,8,17,6,227
2025-09-17,1 pm,734,GEM,2025-12-20 04:49:35,17/09/2025,13,4,3,14,0,5,0-999,2025,9,17,2,258
2025-09-17,10 pm,973,ESC,2025-12-20 04:49:35,17/09/2025,22,3,7,19,1,1,0-999,2025,9,17,2,258
2025-09-17,4 pm,190,CAN,2025-12-20 04:49:35,17/09/2025,16,0,9,10,0,3,0-999,2025,9,17,2,258
2025-10-17,1 pm,622,GEM,2025-12-20 05:00:22,17/10/2025,13,2,2,10,0,5,0-999,2025,10,17,4,288
2025-10-17,10 pm,493,LIB,2025-12-20 05:00:22,17/10/2025,22,3,9,16,1,2,0-999,2025,10,17,4,288
2025-10-17,4 pm,379,ACU,2025-12-20 05:00:22,17/10/2025,16,9,7,19,1,8,0-999,2025,10,17,4,288
2025-01-18,1 pm,248,ARI,2025-12-20 03:22:41,18/01/2025,13,8,4,14,0,9,0-999,2025,1,18,5,16
2025-01-18,10 pm,251,ACU,2025-12-20 03:22:41,18/01/2025,22,1,5,8,1,8,0-999,2025,1,18,5,16
2025-01-18,4 pm,844,GEM,2025-12-20 03:22:41,18/01/2025,16,4,4,16,0,5,0-999,2025,1,18,5,16
2025-02-18,1 pm,275,GEM,2025-12-20 03:33:49,18/02/2025,13,5,7,14,1,5,0-999,2025,2,18,1,47
2025-02-18,10 pm,395,SAG,2025-12-20 03:33:49,18/02/2025,22,5,9,17,1,11,0-999,2025,2,18,1,47
2025-02-18,4 pm,458,ACU,2025-12-20 03:33:49,18/02/2025,16,8,5,17,0,8,0-999,2025,2,18,1,47
2025-03-18,1 pm,111,CAN,2025-12-20 03:43:52,18/03/2025,13,1,1,3,1,3,0-999,2025,3,18,1,75
2025-03-18,10 pm,245,CAN,2025-12-20 03:43:52,18/03/2025,22,5,4,11,1,3,0-999,2025,3,18,1,75
2025-03-18,4 pm,144,LIB,2025-12-20 03:43:52,18/03/2025,16,4,4,9,0,2,0-999,2025,3,18,1,75
2025-05-18,1 pm,996,SAG,2025-12-20 04:05:46,18/05/2025,13,6,9,24,0,11,0-999,2025,5,18,6,136
2025-05-18,10 pm,392,ESC,2025-12-20 04:05:46,18/05/2025,22,2,9,14,0,1,0-999,2025,5,18,6,136
2025-05-18,4 pm,615,LIB,2025-12-20 04:05:46,18/05/2025,16,5,1,12,1,2,0-999,2025,5,18,6,136
2025-06-18,1 pm,776,CAN,2025-12-20 04:16:53,18/06/2025,13,6,7,20,0,3,0-999,2025,6,18,2,167
2025-06-18,10 pm,632,TAU,2025-12-20 04:16:54,18/06/2025,22,2,3,11,0,0,0-999,2025,6,18,2,167
2025-06-18,4 pm,436,LIB,2025-12-20 04:16:54,18/06/2025,16,6,3,13,0,2,0-999,2025,6,18,2,167
2025-07-18,1 pm,610,CAP,2025-12-20 04:27:40,18/07/2025,13,0,1,7,0,7,0-999,2025,7,18,4,197
2025-07-18,10 pm,334,VIR,2025-12-20 04:27:40,18/07/2025,22,4,3,10,0,6,0-999,2025,7,18,4,197
2025-07-18,4 pm,707,CAN,2025-12-20 04:27:40,18/07/2025,16,7,0,14,1,3,0-999,2025,7,18,4,197
2025-08-18,1 pm,832,CAN,2025-12-20 04:38:48,18/08/2025,13,2,3,13,0,3,0-999,2025,8,18,0,228
2025-08-18,10 pm,747,PIC,2025-12-20 04:38:48,18/08/2025,22,7,4,18,1,4,0-999,2025,8,18,0,228
2025-08-18,4 pm,234,TAU,2025-12-20 04:38:48,18/08/2025,16,4,3,9,0,0,0-999,2025,8,18,0,228
2025-09-18,1 pm,603,LIB,2025-12-20 04:49:56,18/09/2025,13,3,0,9,1,2,0-999,2025,9,18,3,259
2025-09-18,10 pm,795,CAP,2025-12-20 04:49:56,18/09/2025,22,5,9,21,1,7,0-999,2025,9,18,3,259
2025-09-18,4 pm,459,CAN,2025-12-20 04:49:56,18/09/2025,16,9,5,18,1,3,0-999,2025,9,18,3,259
2025-10-18,1 pm,942,LEO,2025-12-20 05:00:43,18/10/2025,13,2,4,15,0,10,0-999,2025,10,18,5,289
2025-10-18,10 pm,801,ESC,2025-12-20 05:00:43,18/10/2025,22,1,0,9,1,1,0-999,2025,10,18,5,289
2025-10-18,4 pm,458,LIB,2025-12-20 05:00:43,18/10/2025,16,8,5,17,0,2,0-999,2025,10,18,5,289
2025-01-19,1 pm,656,ARI,2025-12-20 03:23:03,19/01/2025,13,6,5,17,0,9,0-999,2025,1,19,6,17
2025-01-19,10 pm,377,ESC,2025-12-20 03:23:03,19/01/2025,22,7,7,17,1,1,0-999,2025,1,19,6,17
2025-01-19,4 pm,611,PIC,2025-12-20 03:23:03,19/01/2025,16,1,1,8,1,4,0-999,2025,1,19,6,17
2025-02-19,1 pm,819,LEO,2025-12-20 03:34:10,19/02/2025,13,9,1,18,1,10,0-999,2025,2,19,2,48
2025-02-19,10 pm,226,ACU,2025-12-20 03:34:10,19/02/2025,22,6,2,10,0,8,0-999,2025,2,19,2,48
2025-02-19,4 pm,408,GEM,2025-12-20 03:34:10,19/02/2025,16,8,0,12,0,5,0-999,2025,2,19,2,48
2025-03-19,1 pm,317,GEM,2025-12-20 03:44:13,19/03/2025,13,7,1,11,1,5,0-999,2025,3,19,2,76
2025-03-19,10 pm,386,TAU,2025-12-20 03:44:14,19/03/2025,22,6,8,17,0,0,0-999,2025,3,19,2,76
2025-03-19,4 pm,40,ESC,2025-12-20 03:44:14,19/03/2025,16,0,4,4,0,1,0-999,2025,3,19,2,76
2025-04-19,1 pm,663,LEO,2025-12-20 03:55:21,19/04/2025,13,3,6,15,1,10,0-999,2025,4,19,5,107
2025-04-19,10 pm,43,TAU,2025-12-20 03:55:21,19/04/2025,22,3,4,7,1,0,0-999,2025,4,19,5,107
2025-04-19,4 pm,775,LEO,2025-12-20 03:55:21,19/04/2025,16,5,7,19,1,10,0-999,2025,4,19,5,107
2025-05-19,1 pm,487,VIR,2025-12-20 04:06:07,19/05/2025,13,7,8,19,1,6,0-999,2025,5,19,0,137
2025-05-19,10 pm,171,GEM,2025-12-20 04:06:08,19/05/2025,22,1,7,9,1,5,0-999,2025,5,19,0,137
2025-05-19,4 pm,849,ESC,2025-12-20 04:06:08,19/05/2025,16,9,4,21,1,1,0-999,2025,5,19,0,137
2025-06-19,1 pm,480,ESC,2025-12-20 04:17:15,19/06/2025,13,0,8,12,0,1,0-999,2025,6,19,3,168
2025-06-19,10 pm,748,GEM,2025-12-20 04:17:15,19/06/2025,22,8,4,19,0,5,0-999,2025,6,19,3,168
2025-06-19,4 pm,85,CAP,2025-12-20 04:17:15,19/06/2025,16,5,8,13,1,7,0-999,2025,6,19,3,168
2025-07-19,1 pm,723,TAU,2025-12-20 04:28:02,19/07/2025,13,3,2,12,1,0,0-999,2025,7,19,5,198
2025-07-19,10 pm,87,LEO,2025-12-20 04:28:02,19/07/2025,22,7,8,15,1,10,0-999,2025,7,19,5,198
2025-07-19,4 pm,624,VIR,2025-12-20 04:28:02,19/07/2025,16,4,2,12,0,6,0-999,2025,7,19,5,198
2025-08-19,1 pm,961,VIR,2025-12-20 04:39:09,19/08/2025,13,1,6,16,1,6,0-999,2025,8,19,1,229
2025-08-19,10 pm,212,GEM,2025-12-20 04:39:09,19/08/2025,22,2,1,5,0,5,0-999,2025,8,19,1,229
2025-08-19,4 pm,711,GEM,2025-12-20 04:39:09,19/08/2025,16,1,1,9,1,5,0-999,2025,8,19,1,229
2025-09-19,1 pm,915,TAU,2025-12-20 04:50:18,19/09/2025,13,5,1,15,1,0,0-999,2025,9,19,4,260
2025-09-19,10 pm,682,SAG,2025-12-20 04:50:18,19/09/2025,22,2,8,16,0,11,0-999,2025,9,19,4,260
2025-09-19,4 pm,980,LEO,2025-12-20 04:50:18,19/09/2025,16,0,8,17,0,10,0-999,2025,9,19,4,260
2025-10-19,1 pm,195,VIR,2025-12-20 05:01:05,19/10/2025,13,5,9,15,1,6,0-999,2025,10,19,6,290
2025-10-19,10 pm,175,ARI,2025-12-20 05:01:05,19/10/2025,22,5,7,13,1,9,0-999,2025,10,19,6,290
2025-10-19,4 pm,867,GEM,2025-12-20 05:01:05,19/10/2025,16,7,6,21,1,5,0-999,2025,10,19,6,290
2025-01-20,1 pm,594,LEO,2025-12-20 03:23:24,20/01/2025,13,4,9,18,0,10,0-999,2025,1,20,0,18
2025-01-20,10 pm,852,ESC,2025-12-20 03:23:24,20/01/2025,22,2,5,15,0,1,0-999,2025,1,20,0,18
2025-01-20,4 pm,81,TAU,2025-12-20 03:23:24,20/01/2025,16,1,8,9,1,0,0-999,2025,1,20,0,18
2025-02-20,1 pm,699,CAN,2025-12-20 03:34:32,20/02/2025,13,9,9,24,1,3,0-999,2025,2,20,3,49
2025-02-20,10 pm,779,CAP,2025-12-20 03:34:32,20/02/2025,22,9,7,23,1,7,0-999,2025,2,20,3,49
2025-02-20,4 pm,604,CAP,2025-12-20 03:34:32,20/02/2025,16,4,0,10,0,7,0-999,2025,2,20,3,49
2025-03-20,1 pm,449,ARI,2025-12-20 03:44:35,20/03/2025,13,9,4,17,1,9,0-999,2025,3,20,3,77
2025-03-20,10 pm,200,CAP,2025-12-20 03:44:35,20/03/2025,22,0,0,2,0,7,0-999,2025,3,20,3,77
2025-03-20,4 pm,604,SAG,2025-12-20 03:44:35,20/03/2025,16,4,0,10,0,11,0-999,2025,3,20,3,77
2025-04-20,1 pm,544,SAG,2025-12-20 03:55:43,20/04/2025,13,4,4,13,0,11,0-999,2025,4,20,6,108
2025-04-20,10 pm,648,SAG,2025-12-20 03:55:43,20/04/2025,22,8,4,18,0,11,0-999,2025,4,20,6,108
2025-04-20,4 pm,943,VIR,2025-12-20 03:55:43,20/04/2025,16,3,4,16,1,6,0-999,2025,4,20,6,108
2025-05-20,1 pm,103,LIB,2025-12-20 04:06:29,20/05/2025,13,3,0,4,1,2,0-999,2025,5,20,1,138
2025-05-20,10 pm,221,CAP,2025-12-20 04:06:29,20/05/2025,22,1,2,5,1,7,0-999,2025,5,20,1,138
2025-05-20,4 pm,702,LEO,2025-12-20 04:06:29,20/05/2025,16,2,0,9,0,10,0-999,2025,5,20,1,138
2025-06-20,1 pm,209,LIB,2025-12-20 04:17:37,20/06/2025,13,9,0,11,1,2,0-999,2025,6,20,4,169
2025-06-20,10 pm,749,ARI,2025-12-20 04:17:37,20/06/2025,22,9,4,20,1,9,0-999,2025,6,20,4,169
2025-06-20,4 pm,260,TAU,2025-12-20 04:17:37,20/06/2025,16,0,6,8,0,0,0-999,2025,6,20,4,169
2025-07-20,1 pm,463,LIB,2025-12-20 04:28:23,20/07/2025,13,3,6,13,1,2,0-999,2025,7,20,6,199
2025-07-20,10 pm,458,CAN,2025-12-20 04:28:23,20/07/2025,22,8,5,17,0,3,0-999,2025,7,20,6,199
2025-07-20,4 pm,707,CAP,2025-12-20 04:28:23,20/07/2025,16,7,0,14,1,7,0-999,2025,7,20,6,199
2025-08-20,1 pm,693,ARI,2025-12-20 04:39:31,20/08/2025,13,3,9,18,1,9,0-999,2025,8,20,2,230
2025-08-20,10 pm,331,GEM,2025-12-20 04:39:31,20/08/2025,22,1,3,7,1,5,0-999,2025,8,20,2,230
2025-08-20,4 pm,978,VIR,2025-12-20 04:39:31,20/08/2025,16,8,7,24,0,6,0-999,2025,8,20,2,230
2025-09-20,1 pm,345,ESC,2025-12-20 04:50:39,20/09/2025,13,5,4,12,1,1,0-999,2025,9,20,5,261
2025-09-20,10 pm,32,SAG,2025-12-20 04:50:40,20/09/2025,22,2,3,5,0,11,0-999,2025,9,20,5,261
2025-09-20,4 pm,450,CAN,2025-12-20 04:50:40,20/09/2025,16,0,5,9,0,3,0-999,2025,9,20,5,261
2025-10-20,1 pm,4,LEO,2025-12-20 05:01:26,20/10/2025,13,4,0,4,0,10,0-999,2025,10,20,0,291
2025-10-20,10 pm,323,LIB,2025-12-20 05:01:26,20/10/2025,22,3,2,8,1,2,0-999,2025,10,20,0,291
2025-10-20,4 pm,733,VIR,2025-12-20 05:01:26,20/10/2025,16,3,3,13,1,6,0-999,2025,10,20,0,291
2025-01-21,1 pm,504,CAN,2025-12-20 03:23:46,21/01/2025,13,4,0,9,0,3,0-999,2025,1,21,1,19
2025-01-21,10 pm,805,CAP,2025-12-20 03:23:46,21/01/2025,22,5,0,13,1,7,0-999,2025,1,21,1,19
2025-01-21,4 pm,963,VIR,2025-12-20 03:23:46,21/01/2025,16,3,6,18,1,6,0-999,2025,1,21,1,19
2025-02-21,1 pm,300,ESC,2025-12-20 03:34:53,21/02/2025,13,0,0,3,0,1,0-999,2025,2,21,4,50
2025-02-21,10 pm,948,ESC,2025-12-20 03:34:53,21/02/2025,22,8,4,21,0,1,0-999,2025,2,21,4,50
2025-02-21,4 pm,381,ACU,2025-12-20 03:34:53,21/02/2025,16,1,8,12,1,8,0-999,2025,2,21,4,50
2025-03-21,1 pm,741,ACU,2025-12-20 03:44:57,21/03/2025,13,1,4,12,1,8,0-999,2025,3,21,4,78
2025-03-21,10 pm,505,LIB,2025-12-20 03:44:57,21/03/2025,22,5,0,10,1,2,0-999,2025,3,21,4,78
2025-03-21,4 pm,76,VIR,2025-12-20 03:44:57,21/03/2025,16,6,7,13,0,6,0-999,2025,3,21,4,78
2025-04-21,1 pm,294,VIR,2025-12-20 03:56:04,21/04/2025,13,4,9,15,0,6,0-999,2025,4,21,0,109
2025-04-21,10 pm,467,CAN,2025-12-20 03:56:04,21/04/2025,22,7,6,17,1,3,0-999,2025,4,21,0,109
2025-04-21,4 pm,878,LEO,2025-12-20 03:56:04,21/04/2025,16,8,7,23,0,10,0-999,2025,4,21,0,109
2025-05-21,1 pm,804,TAU,2025-12-20 04:06:51,21/05/2025,13,4,0,12,0,0,0-999,2025,5,21,2,139
2025-05-21,10 pm,725,CAN,2025-12-20 04:06:51,21/05/2025,22,5,2,14,1,3,0-999,2025,5,21,2,139
2025-05-21,4 pm,618,GEM,2025-12-20 04:06:51,21/05/2025,16,8,1,15,0,5,0-999,2025,5,21,2,139
2025-06-21,1 pm,119,TAU,2025-12-20 04:17:58,21/06/2025,13,9,1,11,1,0,0-999,2025,6,21,5,170
2025-06-21,10 pm,274,ACU,2025-12-20 04:17:58,21/06/2025,22,4,7,13,0,8,0-999,2025,6,21,5,170
2025-06-21,4 pm,287,LEO,2025-12-20 04:17:58,21/06/2025,16,7,8,17,1,10,0-999,2025,6,21,5,170
2025-07-21,1 pm,280,LEO,2025-12-20 04:28:45,21/07/2025,13,0,8,10,0,10,0-999,2025,7,21,0,200
2025-07-21,10 pm,39,PIC,2025-12-20 04:28:45,21/07/2025,22,9,3,12,1,4,0-999,2025,7,21,0,200
2025-07-21,4 pm,536,LEO,2025-12-20 04:28:45,21/07/2025,16,6,3,14,0,10,0-999,2025,7,21,0,200
2025-08-21,1 pm,327,ARI,2025-12-20 04:39:52,21/08/2025,13,7,2,12,1,9,0-999,2025,8,21,3,231
2025-08-21,10 pm,703,LIB,2025-12-20 04:39:53,21/08/2025,22,3,0,10,1,2,0-999,2025,8,21,3,231
2025-08-21,4 pm,904,LIB,2025-12-20 04:39:53,21/08/2025,16,4,0,13,0,2,0-999,2025,8,21,3,231
2025-09-21,1 pm,929,CAN,2025-12-20 04:51:01,21/09/2025,13,9,2,20,1,3,0-999,2025,9,21,6,262
2025-09-21,10 pm,655,LEO,2025-12-20 04:51:01,21/09/2025,22,5,5,16,1,10,0-999,2025,9,21,6,262
2025-09-21,4 pm,691,ARI,2025-12-20 04:51:01,21/09/2025,16,1,9,16,1,9,0-999,2025,9,21,6,262
2025-10-21,1 pm,303,ARI,2025-12-20 05:01:48,21/10/2025,13,3,0,6,1,9,0-999,2025,10,21,1,292
2025-10-21,10 pm,566,LIB,2025-12-20 05:01:48,21/10/2025,22,6,6,17,0,2,0-999,2025,10,21,1,292
2025-10-21,4 pm,710,CAN,2025-12-20 05:01:48,21/10/2025,16,0,1,8,0,3,0-999,2025,10,21,1,292
2025-01-22,1 pm,39,CAP,2025-12-20 03:24:07,22/01/2025,13,9,3,12,1,7,0-999,2025,1,22,2,20
2025-01-22,10 pm,613,LIB,2025-12-20 03:24:07,22/01/2025,22,3,1,10,1,2,0-999,2025,1,22,2,20
2025-01-22,4 pm,366,PIC,2025-12-20 03:24:07,22/01/2025,16,6,6,15,0,4,0-999,2025,1,22,2,20
2025-02-22,1 pm,85,LIB,2025-12-20 03:35:15,22/02/2025,13,5,8,13,1,2,0-999,2025,2,22,5,51
2025-02-22,10 pm,65,ACU,2025-12-20 03:35:15,22/02/2025,22,5,6,11,1,8,0-999,2025,2,22,5,51
2025-02-22,4 pm,408,LIB,2025-12-20 03:35:15,22/02/2025,16,8,0,12,0,2,0-999,2025,2,22,5,51
2025-03-22,1 pm,755,LEO,2025-12-20 03:45:18,22/03/2025,13,5,5,17,1,10,0-999,2025,3,22,5,79
2025-03-22,10 pm,510,SAG,2025-12-20 03:45:18,22/03/2025,22,0,1,6,0,11,0-999,2025,3,22,5,79
2025-03-22,4 pm,958,TAU,2025-12-20 03:45:18,22/03/2025,16,8,5,22,0,0,0-999,2025,3,22,5,79
2025-04-22,1 pm,890,ESC,2025-12-20 03:56:26,22/04/2025,13,0,9,17,0,1,0-999,2025,4,22,1,110
2025-04-22,10 pm,246,VIR,2025-12-20 03:56:26,22/04/2025,22,6,4,12,0,6,0-999,2025,4,22,1,110
2025-04-22,4 pm,829,CAN,2025-12-20 03:56:26,22/04/2025,16,9,2,19,1,3,0-999,2025,4,22,1,110
2025-05-22,1 pm,829,PIC,2025-12-20 04:07:12,22/05/2025,13,9,2,19,1,4,0-999,2025,5,22,3,140
2025-05-22,10 pm,120,PIC,2025-12-20 04:07:13,22/05/2025,22,0,2,3,0,4,0-999,2025,5,22,3,140
2025-05-22,4 pm,470,GEM,2025-12-20 04:07:12,22/05/2025,16,0,7,11,0,5,0-999,2025,5,22,3,140
2025-06-22,1 pm,442,LIB,2025-12-20 04:18:20,22/06/2025,13,2,4,10,0,2,0-999,2025,6,22,6,171
2025-06-22,10 pm,661,LEO,2025-12-20 04:18:20,22/06/2025,22,1,6,13,1,10,0-999,2025,6,22,6,171
2025-06-22,4 pm,52,VIR,2025-12-20 04:18:20,22/06/2025,16,2,5,7,0,6,0-999,2025,6,22,6,171
2025-07-22,1 pm,1,CAN,2025-12-20 04:29:06,22/07/2025,13,1,0,1,1,3,0-999,2025,7,22,1,201
2025-07-22,10 pm,242,ARI,2025-12-20 04:29:06,22/07/2025,22,2,4,8,0,9,0-999,2025,7,22,1,201
2025-07-22,4 pm,971,LEO,2025-12-20 04:29:06,22/07/2025,16,1,7,17,1,10,0-999,2025,7,22,1,201
2025-08-22,1 pm,87,CAP,2025-12-20 04:40:14,22/08/2025,13,7,8,15,1,7,0-999,2025,8,22,4,232
2025-08-22,10 pm,115,VIR,2025-12-20 04:40:14,22/08/2025,22,5,1,7,1,6,0-999,2025,8,22,4,232
2025-08-22,4 pm,41,CAN,2025-12-20 04:40:14,22/08/2025,16,1,4,5,1,3,0-999,2025,8,22,4,232
2025-09-22,1 pm,910,ACU,2025-12-20 04:51:23,22/09/2025,13,0,1,10,0,8,0-999,2025,9,22,0,263
2025-09-22,10 pm,817,CAP,2025-12-20 04:51:23,22/09/2025,22,7,1,16,1,7,0-999,2025,9,22,0,263
2025-09-22,4 pm,89,LEO,2025-12-20 04:51:23,22/09/2025,16,9,8,17,1,10,0-999,2025,9,22,0,263
2025-10-22,1 pm,291,VIR,2025-12-20 05:02:10,22/10/2025,13,1,9,12,1,6,0-999,2025,10,22,2,293
2025-10-22,10 pm,587,GEM,2025-12-20 05:02:10,22/10/2025,22,7,8,20,1,5,0-999,2025,10,22,2,293
2025-10-22,4 pm,774,ACU,2025-12-20 05:02:10,22/10/2025,16,4,7,18,0,8,0-999,2025,10,22,2,293
2025-01-23,1 pm,513,VIR,2025-12-20 03:24:29,23/01/2025,13,3,1,9,1,6,0-999,2025,1,23,3,21
2025-01-23,10 pm,450,TAU,2025-12-20 03:24:29,23/01/2025,22,0,5,9,0,0,0-999,2025,1,23,3,21
2025-01-23,4 pm,67,LIB,2025-12-20 03:24:29,23/01/2025,16,7,6,13,1,2,0-999,2025,1,23,3,21
2025-02-23,1 pm,921,ARI,2025-12-20 03:35:36,23/02/2025,13,1,2,12,1,9,0-999,2025,2,23,6,52
2025-02-23,10 pm,62,ARI,2025-12-20 03:35:36,23/02/2025,22,2,6,8,0,9,0-999,2025,2,23,6,52
2025-02-23,4 pm,261,VIR,2025-12-20 03:35:36,23/02/2025,16,1,6,9,1,6,0-999,2025,2,23,6,52
2025-03-23,1 pm,615,CAN,2025-12-20 03:45:40,23/03/2025,13,5,1,12,1,3,0-999,2025,3,23,6,80
2025-03-23,10 pm,73,ESC,2025-12-20 03:45:40,23/03/2025,22,3,7,10,1,1,0-999,2025,3,23,6,80
2025-03-23,4 pm,163,LIB,2025-12-20 03:45:40,23/03/2025,16,3,6,10,1,2,0-999,2025,3,23,6,80
2025-04-23,1 pm,903,LIB,2025-12-20 03:56:47,23/04/2025,13,3,0,12,1,2,0-999,2025,4,23,2,111
2025-04-23,10 pm,818,SAG,2025-12-20 03:56:47,23/04/2025,22,8,1,17,0,11,0-999,2025,4,23,2,111
2025-04-23,4 pm,658,ESC,2025-12-20 03:56:47,23/04/2025,16,8,5,19,0,1,0-999,2025,4,23,2,111
2025-05-23,1 pm,144,TAU,2025-12-20 04:07:34,23/05/2025,13,4,4,9,0,0,0-999,2025,5,23,4,141
2025-05-23,10 pm,860,VIR,2025-12-20 04:07:34,23/05/2025,22,0,6,14,0,6,0-999,2025,5,23,4,141
2025-05-23,4 pm,761,GEM,2025-12-20 04:07:34,23/05/2025,16,1,6,14,1,5,0-999,2025,5,23,4,141
2025-06-23,1 pm,642,ACU,2025-12-20 04:18:41,23/06/2025,13,2,4,12,0,8,0-999,2025,6,23,0,172
2025-06-23,10 pm,678,ARI,2025-12-20 04:18:41,23/06/2025,22,8,7,21,0,9,0-999,2025,6,23,0,172
2025-06-23,4 pm,637,LEO,2025-12-20 04:18:41,23/06/2025,16,7,3,16,1,10,0-999,2025,6,23,0,172
2025-07-23,1 pm,246,VIR,2025-12-20 04:29:28,23/07/2025,13,6,4,12,0,6,0-999,2025,7,23,2,202
2025-07-23,10 pm,961,ARI,2025-12-20 04:29:28,23/07/2025,22,1,6,16,1,9,0-999,2025,7,23,2,202
2025-07-23,4 pm,108,CAN,2025-12-20 04:29:28,23/07/2025,16,8,0,9,0,3,0-999,2025,7,23,2,202
2025-08-23,1 pm,788,VIR,2025-12-20 04:40:35,23/08/2025,13,8,8,23,0,6,0-999,2025,8,23,5,233
2025-08-23,10 pm,667,CAN,2025-12-20 04:40:36,23/08/2025,22,7,6,19,1,3,0-999,2025,8,23,5,233
2025-08-23,4 pm,244,ARI,2025-12-20 04:40:36,23/08/2025,16,4,4,10,0,9,0-999,2025,8,23,5,233
2025-09-23,1 pm,89,ARI,2025-12-20 04:51:44,23/09/2025,13,9,8,17,1,9,0-999,2025,9,23,1,264
2025-09-23,10 pm,410,VIR,2025-12-20 04:51:44,23/09/2025,22,0,1,5,0,6,0-999,2025,9,23,1,264
2025-09-23,4 pm,363,LEO,2025-12-20 04:51:44,23/09/2025,16,3,6,12,1,10,0-999,2025,9,23,1,264
2025-10-23,1 pm,914,LIB,2025-12-20 05:02:31,23/10/2025,13,4,1,14,0,2,0-999,2025,10,23,3,294
2025-10-23,10 pm,482,CAN,2025-12-20 05:02:31,23/10/2025,22,2,8,14,0,3,0-999,2025,10,23,3,294
2025-10-23,4 pm,292,TAU,2025-12-20 05:02:31,23/10/2025,16,2,9,13,0,0,0-999,2025,10,23,3,294
2025-01-24,1 pm,652,ESC,2025-12-20 03:24:50,24/01/2025,13,2,5,13,0,1,0-999,2025,1,24,4,22
2025-01-24,10 pm,621,VIR,2025-12-20 03:24:50,24/01/2025,22,1,2,9,1,6,0-999,2025,1,24,4,22
2025-01-24,4 pm,35,CAN,2025-12-20 03:24:50,24/01/2025,16,5,3,8,1,3,0-999,2025,1,24,4,22
2025-02-24,1 pm,646,ARI,2025-12-20 03:35:58,24/02/2025,13,6,4,16,0,9,0-999,2025,2,24,0,53
2025-02-24,10 pm,944,LIB,2025-12-20 03:35:58,24/02/2025,22,4,4,17,0,2,0-999,2025,2,24,0,53
2025-02-24,4 pm,443,ACU,2025-12-20 03:35:58,24/02/2025,16,3,4,11,1,8,0-999,2025,2,24,0,53
2025-03-24,1 pm,370,LIB,2025-12-20 03:46:01,24/03/2025,13,0,7,10,0,2,0-999,2025,3,24,0,81
2025-03-24,10 pm,668,ARI,2025-12-20 03:46:01,24/03/2025,22,8,6,20,0,9,0-999,2025,3,24,0,81
2025-03-24,4 pm,18,ESC,2025-12-20 03:46:01,24/03/2025,16,8,1,9,0,1,0-999,2025,3,24,0,81
2025-04-24,1 pm,74,SAG,2025-12-20 03:57:09,24/04/2025,13,4,7,11,0,11,0-999,2025,4,24,3,112
2025-04-24,10 pm,866,CAP,2025-12-20 03:57:09,24/04/2025,22,6,6,20,0,7,0-999,2025,4,24,3,112
2025-04-24,4 pm,190,LEO,2025-12-20 03:57:09,24/04/2025,16,0,9,10,0,10,0-999,2025,4,24,3,112
2025-05-24,1 pm,547,SAG,2025-12-20 04:07:55,24/05/2025,13,7,4,16,1,11,0-999,2025,5,24,5,142
2025-05-24,10 pm,170,LIB,2025-12-20 04:07:56,24/05/2025,22,0,7,8,0,2,0-999,2025,5,24,5,142
2025-05-24,4 pm,179,VIR,2025-12-20 04:07:56,24/05/2025,16,9,7,17,1,6,0-999,2025,5,24,5,142
2025-06-24,1 pm,987,LIB,2025-12-20 04:19:03,24/06/2025,13,7,8,24,1,2,0-999,2025,6,24,1,173
2025-06-24,10 pm,94,VIR,2025-12-20 04:19:03,24/06/2025,22,4,9,13,0,6,0-999,2025,6,24,1,173
2025-06-24,4 pm,449,ESC,2025-12-20 04:19:03,24/06/2025,16,9,4,17,1,1,0-999,2025,6,24,1,173
2025-07-24,1 pm,553,CAN,2025-12-20 04:29:49,24/07/2025,13,3,5,13,1,3,0-999,2025,7,24,3,203
2025-07-24,10 pm,170,ARI,2025-12-20 04:29:49,24/07/2025,22,0,7,8,0,9,0-999,2025,7,24,3,203
2025-07-24,4 pm,77,ACU,2025-12-20 04:29:49,24/07/2025,16,7,7,14,1,8,0-999,2025,7,24,3,203
2025-08-24,1 pm,13,ESC,2025-12-20 04:40:57,24/08/2025,13,3,1,4,1,1,0-999,2025,8,24,6,234
2025-08-24,10 pm,938,CAP,2025-12-20 04:40:57,24/08/2025,22,8,3,20,0,7,0-999,2025,8,24,6,234
2025-08-24,4 pm,694,CAP,2025-12-20 04:40:57,24/08/2025,16,4,9,19,0,7,0-999,2025,8,24,6,234
2025-09-24,1 pm,532,CAP,2025-12-20 04:52:06,24/09/2025,13,2,3,10,0,7,0-999,2025,9,24,2,265
2025-09-24,10 pm,598,GEM,2025-12-20 04:52:06,24/09/2025,22,8,9,22,0,5,0-999,2025,9,24,2,265
2025-09-24,4 pm,170,VIR,2025-12-20 04:52:06,24/09/2025,16,0,7,8,0,6,0-999,2025,9,24,2,265
2025-10-24,1 pm,604,ARI,2025-12-20 05:02:53,24/10/2025,13,4,0,10,0,9,0-999,2025,10,24,4,295
2025-10-24,10 pm,295,GEM,2025-12-20 05:02:53,24/10/2025,22,5,9,16,1,5,0-999,2025,10,24,4,295
2025-10-24,4 pm,635,ESC,2025-12-20 05:02:53,24/10/2025,16,5,3,14,1,1,0-999,2025,10,24,4,295
2025-01-25,1 pm,144,LEO,2025-12-20 03:25:12,25/01/2025,13,4,4,9,0,10,0-999,2025,1,25,5,23
2025-01-25,10 pm,775,SAG,2025-12-20 03:25:12,25/01/2025,22,5,7,19,1,11,0-999,2025,1,25,5,23
2025-01-25,4 pm,382,ACU,2025-12-20 03:25:12,25/01/2025,16,2,8,13,0,8,0-999,2025,1,25,5,23
2025-02-25,1 pm,337,SAG,2025-12-20 03:36:19,25/02/2025,13,7,3,13,1,11,0-999,2025,2,25,1,54
2025-02-25,10 pm,618,CAP,2025-12-20 03:36:19,25/02/2025,22,8,1,15,0,7,0-999,2025,2,25,1,54
2025-02-25,4 pm,576,ESC,2025-12-20 03:36:19,25/02/2025,16,6,7,18,0,1,0-999,2025,2,25,1,54
2025-03-25,1 pm,757,ARI,2025-12-20 03:46:23,25/03/2025,13,7,5,19,1,9,0-999,2025,3,25,1,82
2025-03-25,10 pm,716,PIC,2025-12-20 03:46:23,25/03/2025,22,6,1,14,0,4,0-999,2025,3,25,1,82
2025-03-25,4 pm,436,LIB,2025-12-20 03:46:23,25/03/2025,16,6,3,13,0,2,0-999,2025,3,25,1,82
2025-04-25,1 pm,238,SAG,2025-12-20 03:57:30,25/04/2025,13,8,3,13,0,11,0-999,2025,4,25,4,113
2025-04-25,10 pm,106,ESC,2025-12-20 03:57:30,25/04/2025,22,6,0,7,0,1,0-999,2025,4,25,4,113
2025-04-25,4 pm,777,ESC,2025-12-20 03:57:30,25/04/2025,16,7,7,21,1,1,0-999,2025,4,25,4,113
2025-06-25,1 pm,308,ARI,2025-12-20 04:19:24,25/06/2025,13,8,0,11,0,9,0-999,2025,6,25,2,174
2025-06-25,10 pm,176,VIR,2025-12-20 04:19:24,25/06/2025,22,6,7,14,0,6,0-999,2025,6,25,2,174
2025-06-25,4 pm,130,CAN,2025-12-20 04:19:24,25/06/2025,16,0,3,4,0,3,0-999,2025,6,25,2,174
2025-07-25,1 pm,236,TAU,2025-12-20 04:30:11,25/07/2025,13,6,3,11,0,0,0-999,2025,7,25,4,204
2025-07-25,10 pm,142,CAN,2025-12-20 04:30:11,25/07/2025,22,2,4,7,0,3,0-999,2025,7,25,4,204
2025-07-25,4 pm,528,TAU,2025-12-20 04:30:11,25/07/2025,16,8,2,15,0,0,0-999,2025,7,25,4,204
2025-08-25,1 pm,84,LEO,2025-12-20 04:41:18,25/08/2025,13,4,8,12,0,10,0-999,2025,8,25,0,235
2025-08-25,10 pm,636,ESC,2025-12-20 04:41:19,25/08/2025,22,6,3,15,0,1,0-999,2025,8,25,0,235
2025-08-25,4 pm,537,LEO,2025-12-20 04:41:19,25/08/2025,16,7,3,15,1,10,0-999,2025,8,25,0,235
2025-09-25,1 pm,545,ARI,2025-12-20 04:52:27,25/09/2025,13,5,4,14,1,9,0-999,2025,9,25,3,266
2025-09-25,10 pm,672,ESC,2025-12-20 04:52:27,25/09/2025,22,2,7,15,0,1,0-999,2025,9,25,3,266
2025-09-25,4 pm,12,ACU,2025-12-20 04:52:27,25/09/2025,16,2,1,3,0,8,0-999,2025,9,25,3,266
2025-10-25,1 pm,819,LEO,2025-12-20 05:03:14,25/10/2025,13,9,1,18,1,10,0-999,2025,10,25,5,296
2025-10-25,10 pm,972,VIR,2025-12-20 05:03:14,25/10/2025,22,2,7,18,0,6,0-999,2025,10,25,5,296
2025-10-25,4 pm,260,LIB,2025-12-20 05:03:14,25/10/2025,16,0,6,8,0,2,0-999,2025,10,25,5,296
2025-01-26,1 pm,176,ACU,2025-12-20 03:25:33,26/01/2025,13,6,7,14,0,8,0-999,2025,1,26,6,24
2025-01-26,10 pm,145,ARI,2025-12-20 03:25:33,26/01/2025,22,5,4,10,1,9,0-999,2025,1,26,6,24
2025-01-26,4 pm,565,ESC,2025-12-20 03:25:33,26/01/2025,16,5,6,16,1,1,0-999,2025,1,26,6,24
2025-02-26,1 pm,95,SAG,2025-12-20 03:36:41,26/02/2025,13,5,9,14,1,11,0-999,2025,2,26,2,55
2025-02-26,10 pm,518,VIR,2025-12-20 03:36:41,26/02/2025,22,8,1,14,0,6,0-999,2025,2,26,2,55
2025-02-26,4 pm,630,ACU,2025-12-20 03:36:41,26/02/2025,16,0,3,9,0,8,0-999,2025,2,26,2,55
2025-03-26,1 pm,379,ARI,2025-12-20 03:46:44,26/03/2025,13,9,7,19,1,9,0-999,2025,3,26,2,83
2025-03-26,10 pm,630,LIB,2025-12-20 03:46:45,26/03/2025,22,0,3,9,0,2,0-999,2025,3,26,2,83
2025-03-26,4 pm,99,PIC,2025-12-20 03:46:44,26/03/2025,16,9,9,18,1,4,0-999,2025,3,26,2,83
2025-04-26,1 pm,273,ESC,2025-12-20 03:57:52,26/04/2025,13,3,7,12,1,1,0-999,2025,4,26,5,114
2025-04-26,10 pm,229,SAG,2025-12-20 03:57:52,26/04/2025,22,9,2,13,1,11,0-999,2025,4,26,5,114
2025-04-26,4 pm,751,SAG,2025-12-20 03:57:52,26/04/2025,16,1,5,13,1,11,0-999,2025,4,26,5,114
2025-05-26,1 pm,911,SAG,2025-12-20 04:08:38,26/05/2025,13,1,1,11,1,11,0-999,2025,5,26,0,144
2025-05-26,10 pm,837,ARI,2025-12-20 04:08:38,26/05/2025,22,7,3,18,1,9,0-999,2025,5,26,0,144
2025-05-26,4 pm,244,GEM,2025-12-20 04:08:38,26/05/2025,16,4,4,10,0,5,0-999,2025,5,26,0,144
2025-06-26,1 pm,638,VIR,2025-12-20 04:19:45,26/06/2025,13,8,3,17,0,6,0-999,2025,6,26,3,175
2025-06-26,10 pm,303,VIR,2025-12-20 04:19:46,26/06/2025,22,3,0,6,1,6,0-999,2025,6,26,3,175
2025-06-26,4 pm,731,PIC,2025-12-20 04:19:46,26/06/2025,16,1,3,11,1,4,0-999,2025,6,26,3,175
2025-07-26,1 pm,233,CAP,2025-12-20 04:30:32,26/07/2025,13,3,3,8,1,7,0-999,2025,7,26,5,205
2025-07-26,10 pm,878,TAU,2025-12-20 04:30:32,26/07/2025,22,8,7,23,0,0,0-999,2025,7,26,5,205
2025-07-26,4 pm,796,LEO,2025-12-20 04:30:32,26/07/2025,16,6,9,22,0,10,0-999,2025,7,26,5,205
2025-08-26,1 pm,48,ACU,2025-12-20 04:41:40,26/08/2025,13,8,4,12,0,8,0-999,2025,8,26,1,236
2025-08-26,10 pm,350,VIR,2025-12-20 04:41:40,26/08/2025,22,0,5,8,0,6,0-999,2025,8,26,1,236
2025-08-26,4 pm,791,LEO,2025-12-20 04:41:40,26/08/2025,16,1,9,17,1,10,0-999,2025,8,26,1,236
2025-09-26,1 pm,68,TAU,2025-12-20 04:52:49,26/09/2025,13,8,6,14,0,0,0-999,2025,9,26,4,267
2025-09-26,10 pm,81,ACU,2025-12-20 04:52:49,26/09/2025,22,1,8,9,1,8,0-999,2025,9,26,4,267
2025-09-26,4 pm,32,LEO,2025-12-20 04:52:49,26/09/2025,16,2,3,5,0,10,0-999,2025,9,26,4,267
2025-10-26,1 pm,524,ACU,2025-12-20 05:03:36,26/10/2025,13,4,2,11,0,8,0-999,2025,10,26,6,297
2025-10-26,10 pm,580,LIB,2025-12-20 05:03:36,26/10/2025,22,0,8,13,0,2,0-999,2025,10,26,6,297
2025-10-26,4 pm,923,GEM,2025-12-20 05:03:36,26/10/2025,16,3,2,14,1,5,0-999,2025,10,26,6,297
2025-01-27,1 pm,556,CAP,2025-12-20 03:25:55,27/01/2025,13,6,5,16,0,7,0-999,2025,1,27,0,25
2025-01-27,10 pm,209,LIB,2025-12-20 03:25:55,27/01/2025,22,9,0,11,1,2,0-999,2025,1,27,0,25
2025-01-27,4 pm,891,GEM,2025-12-20 03:25:55,27/01/2025,16,1,9,18,1,5,0-999,2025,1,27,0,25
2025-02-27,1 pm,996,VIR,2025-12-20 03:37:02,27/02/2025,13,6,9,24,0,6,0-999,2025,2,27,3,56
2025-02-27,10 pm,955,ESC,2025-12-20 03:37:03,27/02/2025,22,5,5,19,1,1,0-999,2025,2,27,3,56
2025-02-27,4 pm,226,VIR,2025-12-20 03:37:03,27/02/2025,16,6,2,10,0,6,0-999,2025,2,27,3,56
2025-03-27,1 pm,587,ESC,2025-12-20 03:47:06,27/03/2025,13,7,8,20,1,1,0-999,2025,3,27,3,84
2025-03-27,10 pm,834,ARI,2025-12-20 03:47:06,27/03/2025,22,4,3,15,0,9,0-999,2025,3,27,3,84
2025-03-27,4 pm,657,ARI,2025-12-20 03:47:06,27/03/2025,16,7,5,18,1,9,0-999,2025,3,27,3,84
2025-04-27,1 pm,702,LIB,2025-12-20 03:58:13,27/04/2025,13,2,0,9,0,2,0-999,2025,4,27,6,115
2025-04-27,10 pm,920,LEO,2025-12-20 03:58:13,27/04/2025,22,0,2,11,0,10,0-999,2025,4,27,6,115
2025-04-27,4 pm,99,ESC,2025-12-20 03:58:13,27/04/2025,16,9,9,18,1,1,0-999,2025,4,27,6,115
2025-05-27,1 pm,780,LIB,2025-12-20 04:08:59,27/05/2025,13,0,8,15,0,2,0-999,2025,5,27,1,145
2025-05-27,10 pm,839,GEM,2025-12-20 04:09:00,27/05/2025,22,9,3,20,1,5,0-999,2025,5,27,1,145
2025-05-27,4 pm,28,CAP,2025-12-20 04:09:00,27/05/2025,16,8,2,10,0,7,0-999,2025,5,27,1,145
2025-06-27,1 pm,596,VIR,2025-12-20 04:20:07,27/06/2025,13,6,9,20,0,6,0-999,2025,6,27,4,176
2025-06-27,10 pm,319,CAN,2025-12-20 04:20:07,27/06/2025,22,9,1,13,1,3,0-999,2025,6,27,4,176
2025-06-27,4 pm,915,ACU,2025-12-20 04:20:07,27/06/2025,16,5,1,15,1,8,0-999,2025,6,27,4,176
2025-08-27,1 pm,778,SAG,2025-12-20 04:42:01,27/08/2025,13,8,7,22,0,11,0-999,2025,8,27,2,237
2025-08-27,10 pm,776,LIB,2025-12-20 04:42:02,27/08/2025,22,6,7,20,0,2,0-999,2025,8,27,2,237
2025-08-27,4 pm,544,PIC,2025-12-20 04:42:02,27/08/2025,16,4,4,13,0,4,0-999,2025,8,27,2,237
2025-09-27,1 pm,591,TAU,2025-12-20 04:53:10,27/09/2025,13,1,9,15,1,0,0-999,2025,9,27,5,268
2025-09-27,10 pm,817,ESC,2025-12-20 04:53:10,27/09/2025,22,7,1,16,1,1,0-999,2025,9,27,5,268
2025-09-27,4 pm,336,VIR,2025-12-20 04:53:10,27/09/2025,16,6,3,12,0,6,0-999,2025,9,27,5,268
2025-10-27,1 pm,550,LIB,2025-12-20 05:03:57,27/10/2025,13,0,5,10,0,2,0-999,2025,10,27,0,298
2025-10-27,10 pm,345,TAU,2025-12-20 05:03:57,27/10/2025,22,5,4,12,1,0,0-999,2025,10,27,0,298
2025-10-27,4 pm,619,CAP,2025-12-20 05:03:57,27/10/2025,16,9,1,16,1,7,0-999,2025,10,27,0,298
2025-01-28,1 pm,75,CAP,2025-12-20 03:26:16,28/01/2025,13,5,7,12,1,7,0-999,2025,1,28,1,26
2025-01-28,10 pm,725,CAN,2025-12-20 03:26:16,28/01/2025,22,5,2,14,1,3,0-999,2025,1,28,1,26
2025-01-28,4 pm,126,ESC,2025-12-20 03:26:16,28/01/2025,16,6,2,9,0,1,0-999,2025,1,28,1,26
2025-02-28,1 pm,264,ARI,2025-12-20 03:37:24,28/02/2025,13,4,6,12,0,9,0-999,2025,2,28,4,57
2025-02-28,10 pm,487,CAN,2025-12-20 03:37:24,28/02/2025,22,7,8,19,1,3,0-999,2025,2,28,4,57
2025-02-28,4 pm,255,CAN,2025-12-20 03:37:24,28/02/2025,16,5,5,12,1,3,0-999,2025,2,28,4,57
2025-03-28,1 pm,476,ESC,2025-12-20 03:47:27,28/03/2025,13,6,7,17,0,1,0-999,2025,3,28,4,85
2025-03-28,10 pm,64,GEM,2025-12-20 03:47:28,28/03/2025,22,4,6,10,0,5,0-999,2025,3,28,4,85
2025-03-28,4 pm,224,CAP,2025-12-20 03:47:28,28/03/2025,16,4,2,8,0,7,0-999,2025,3,28,4,85
2025-04-28,1 pm,609,ACU,2025-12-20 03:58:35,28/04/2025,13,9,0,15,1,8,0-999,2025,4,28,0,116
2025-04-28,10 pm,297,TAU,2025-12-20 03:58:35,28/04/2025,22,7,9,18,1,0,0-999,2025,4,28,0,116
2025-04-28,4 pm,532,PIC,2025-12-20 03:58:35,28/04/2025,16,2,3,10,0,4,0-999,2025,4,28,0,116
2025-05-28,1 pm,877,LEO,2025-12-20 04:09:21,28/05/2025,13,7,7,22,1,10,0-999,2025,5,28,2,146
2025-05-28,10 pm,207,ACU,2025-12-20 04:09:21,28/05/2025,22,7,0,9,1,8,0-999,2025,5,28,2,146
2025-05-28,4 pm,107,LEO,2025-12-20 04:09:21,28/05/2025,16,7,0,8,1,10,0-999,2025,5,28,2,146
2025-06-28,1 pm,868,PIC,2025-12-20 04:20:29,28/06/2025,13,8,6,22,0,4,0-999,2025,6,28,5,177
2025-06-28,10 pm,114,VIR,2025-12-20 04:20:29,28/06/2025,22,4,1,6,0,6,0-999,2025,6,28,5,177
2025-06-28,4 pm,556,GEM,2025-12-20 04:20:29,28/06/2025,16,6,5,16,0,5,0-999,2025,6,28,5,177
2025-07-28,1 pm,320,GEM,2025-12-20 04:31:15,28/07/2025,13,0,2,5,0,5,0-999,2025,7,28,0,207
2025-07-28,10 pm,496,LIB,2025-12-20 04:31:15,28/07/2025,22,6,9,19,0,2,0-999,2025,7,28,0,207
2025-07-28,4 pm,402,GEM,2025-12-20 04:31:15,28/07/2025,16,2,0,6,0,5,0-999,2025,7,28,0,207
2025-08-28,1 pm,592,ESC,2025-12-20 04:42:23,28/08/2025,13,2,9,16,0,1,0-999,2025,8,28,3,238
2025-08-28,10 pm,116,ARI,2025-12-20 04:42:23,28/08/2025,22,6,1,8,0,9,0-999,2025,8,28,3,238
2025-08-28,4 pm,864,LEO,2025-12-20 04:42:23,28/08/2025,16,4,6,18,0,10,0-999,2025,8,28,3,238
2025-09-28,1 pm,348,PIC,2025-12-20 04:53:32,28/09/2025,13,8,4,15,0,4,0-999,2025,9,28,6,269
2025-09-28,10 pm,238,ARI,2025-12-20 04:53:32,28/09/2025,22,8,3,13,0,9,0-999,2025,9,28,6,269
2025-09-28,4 pm,813,GEM,2025-12-20 04:53:32,28/09/2025,16,3,1,12,1,5,0-999,2025,9,28,6,269
2025-10-28,1 pm,737,ACU,2025-12-20 05:04:19,28/10/2025,13,7,3,17,1,8,0-999,2025,10,28,1,299
2025-10-28,10 pm,326,LEO,2025-12-20 05:04:19,28/10/2025,22,6,2,11,0,10,0-999,2025,10,28,1,299
2025-10-28,4 pm,485,ESC,2025-12-20 05:04:19,28/10/2025,16,5,8,17,1,1,0-999,2025,10,28,1,299
2025-01-29,1 pm,431,ACU,2025-12-20 03:26:38,29/01/2025,13,1,3,8,1,8,0-999,2025,1,29,2,27
2025-01-29,10 pm,614,VIR,2025-12-20 03:26:38,29/01/2025,22,4,1,11,0,6,0-999,2025,1,29,2,27
2025-01-29,4 pm,615,GEM,2025-12-20 03:26:38,29/01/2025,16,5,1,12,1,5,0-999,2025,1,29,2,27
2025-03-29,1 pm,367,ACU,2025-12-20 03:47:49,29/03/2025,13,7,6,16,1,8,0-999,2025,3,29,5,86
2025-03-29,10 pm,971,VIR,2025-12-20 03:47:49,29/03/2025,22,1,7,17,1,6,0-999,2025,3,29,5,86
2025-03-29,4 pm,222,VIR,2025-12-20 03:47:49,29/03/2025,16,2,2,6,0,6,0-999,2025,3,29,5,86
2025-04-29,1 pm,897,LEO,2025-12-20 03:58:56,29/04/2025,13,7,9,24,1,10,0-999,2025,4,29,1,117
2025-04-29,10 pm,843,GEM,2025-12-20 03:58:57,29/04/2025,22,3,4,15,1,5,0-999,2025,4,29,1,117
2025-04-29,4 pm,574,CAP,2025-12-20 03:58:56,29/04/2025,16,4,7,16,0,7,0-999,2025,4,29,1,117
2025-05-29,1 pm,242,PIC,2025-12-20 04:09:43,29/05/2025,13,2,4,8,0,4,0-999,2025,5,29,3,147
2025-05-29,10 pm,77,GEM,2025-12-20 04:09:43,29/05/2025,22,7,7,14,1,5,0-999,2025,5,29,3,147
2025-05-29,4 pm,515,CAP,2025-12-20 04:09:43,29/05/2025,16,5,1,11,1,7,0-999,2025,5,29,3,147
2025-06-29,1 pm,771,TAU,2025-12-20 04:20:50,29/06/2025,13,1,7,15,1,0,0-999,2025,6,29,6,178
2025-06-29,10 pm,451,SAG,2025-12-20 04:20:50,29/06/2025,22,1,5,10,1,11,0-999,2025,6,29,6,178
2025-06-29,4 pm,921,CAN,2025-12-20 04:20:50,29/06/2025,16,1,2,12,1,3,0-999,2025,6,29,6,178
2025-07-29,1 pm,866,ARI,2025-12-20 04:31:36,29/07/2025,13,6,6,20,0,9,0-999,2025,7,29,1,208
2025-07-29,10 pm,913,CAP,2025-12-20 04:31:37,29/07/2025,22,3,1,13,1,7,0-999,2025,7,29,1,208
2025-07-29,4 pm,814,ESC,2025-12-20 04:31:36,29/07/2025,16,4,1,13,0,1,0-999,2025,7,29,1,208
2025-08-29,1 pm,663,GEM,2025-12-20 04:42:44,29/08/2025,13,3,6,15,1,5,0-999,2025,8,29,4,239
2025-08-29,10 pm,441,LIB,2025-12-20 04:42:45,29/08/2025,22,1,4,9,1,2,0-999,2025,8,29,4,239
2025-08-29,4 pm,221,LIB,2025-12-20 04:42:45,29/08/2025,16,1,2,5,1,2,0-999,2025,8,29,4,239
2025-09-29,1 pm,800,LEO,2025-12-20 04:53:54,29/09/2025,13,0,0,8,0,10,0-999,2025,9,29,0,270
2025-09-29,10 pm,384,ESC,2025-12-20 04:53:54,29/09/2025,22,4,8,15,0,1,0-999,2025,9,29,0,270
2025-09-29,4 pm,838,ESC,2025-12-20 04:53:54,29/09/2025,16,8,3,19,0,1,0-999,2025,9,29,0,270
2025-10-29,1 pm,513,ESC,2025-12-20 05:04:40,29/10/2025,13,3,1,9,1,1,0-999,2025,10,29,2,300
2025-10-29,10 pm,392,GEM,2025-12-20 05:04:41,29/10/2025,22,2,9,14,0,5,0-999,2025,10,29,2,300
2025-10-29,4 pm,916,PIC,2025-12-20 05:04:40,29/10/2025,16,6,1,16,0,4,0-999,2025,10,29,2,300
2025-01-30,1 pm,122,LIB,2025-12-20 03:26:59,30/01/2025,13,2,2,5,0,2,0-999,2025,1,30,3,28
2025-01-30,10 pm,44,ESC,2025-12-20 03:27:00,30/01/2025,22,4,4,8,0,1,0-999,2025,1,30,3,28
2025-01-30,4 pm,554,SAG,2025-12-20 03:26:59,30/01/2025,16,4,5,14,0,11,0-999,2025,1,30,3,28
2025-03-30,1 pm,298,SAG,2025-12-20 03:48:10,30/03/2025,13,8,9,19,0,11,0-999,2025,3,30,6,87
2025-03-30,10 pm,556,LEO,2025-12-20 03:48:11,30/03/2025,22,6,5,16,0,10,0-999,2025,3,30,6,87
2025-03-30,4 pm,786,GEM,2025-12-20 03:48:11,30/03/2025,16,6,8,21,0,5,0-999,2025,3,30,6,87
2025-04-30,1 pm,665,TAU,2025-12-20 03:59:18,30/04/2025,13,5,6,17,1,0,0-999,2025,4,30,2,118
2025-04-30,10 pm,406,CAP,2025-12-20 03:59:18,30/04/2025,22,6,0,10,0,7,0-999,2025,4,30,2,118
2025-04-30,4 pm,422,LEO,2025-12-20 03:59:18,30/04/2025,16,2,2,8,0,10,0-999,2025,4,30,2,118
2025-05-30,1 pm,55,VIR,2025-12-20 04:10:04,30/05/2025,13,5,5,10,1,6,0-999,2025,5,30,4,148
2025-05-30,10 pm,524,ARI,2025-12-20 04:10:04,30/05/2025,22,4,2,11,0,9,0-999,2025,5,30,4,148
2025-05-30,4 pm,952,LEO,2025-12-20 04:10:04,30/05/2025,16,2,5,16,0,10,0-999,2025,5,30,4,148
2025-06-30,1 pm,421,SAG,2025-12-20 04:21:12,30/06/2025,13,1,2,7,1,11,0-999,2025,6,30,0,179
2025-06-30,10 pm,828,GEM,2025-12-20 04:21:12,30/06/2025,22,8,2,18,0,5,0-999,2025,6,30,0,179
2025-06-30,4 pm,860,PIC,2025-12-20 04:21:12,30/06/2025,16,0,6,14,0,4,0-999,2025,6,30,0,179
2025-07-30,1 pm,685,TAU,2025-12-20 04:31:58,30/07/2025,13,5,8,19,1,0,0-999,2025,7,30,2,209
2025-07-30,10 pm,800,VIR,2025-12-20 04:31:58,30/07/2025,22,0,0,8,0,6,0-999,2025,7,30,2,209
2025-07-30,4 pm,306,ESC,2025-12-20 04:31:58,30/07/2025,16,6,0,9,0,1,0-999,2025,7,30,2,209
2025-08-30,1 pm,118,TAU,2025-12-20 04:43:06,30/08/2025,13,8,1,10,0,0,0-999,2025,8,30,5,240
2025-08-30,10 pm,616,PIC,2025-12-20 04:43:06,30/08/2025,22,6,1,13,0,4,0-999,2025,8,30,5,240
2025-08-30,4 pm,461,TAU,2025-12-20 04:43:06,30/08/2025,16,1,6,11,1,0,0-999,2025,8,30,5,240
2025-09-30,1 pm,287,ARI,2025-12-20 04:54:15,30/09/2025,13,7,8,17,1,9,0-999,2025,9,30,1,271
2025-09-30,10 pm,401,ARI,2025-12-20 04:54:15,30/09/2025,22,1,0,5,1,9,0-999,2025,9,30,1,271
2025-09-30,4 pm,773,CAP,2025-12-20 04:54:15,30/09/2025,16,3,7,17,1,7,0-999,2025,9,30,1,271
2025-10-30,1 pm,619,SAG,2025-12-20 05:05:02,30/10/2025,13,9,1,16,1,11,0-999,2025,10,30,3,301
2025-10-30,10 pm,351,TAU,2025-12-20 05:05:02,30/10/2025,22,1,5,9,1,0,0-999,2025,10,30,3,301
2025-10-30,4 pm,545,CAP,2025-12-20 05:05:02,30/10/2025,16,5,4,14,1,7,0-999,2025,10,30,3,301
2025-01-31,1 pm,661,CAP,2025-12-20 03:27:21,31/01/2025,13,1,6,13,1,7,0-999,2025,1,31,4,29
2025-01-31,10 pm,892,PIC,2025-12-20 03:27:21,31/01/2025,22,2,9,19,0,4,0-999,2025,1,31,4,29
2025-01-31,4 pm,619,CAP,2025-12-20 03:27:21,31/01/2025,16,9,1,16,1,7,0-999,2025,1,31,4,29
2025-03-31,1 pm,794,ACU,2025-12-20 03:48:32,31/03/2025,13,4,9,20,0,8,0-999,2025,3,31,0,88
2025-03-31,10 pm,826,ARI,2025-12-20 03:48:32,31/03/2025,22,6,2,16,0,9,0-999,2025,3,31,0,88
2025-03-31,4 pm,90,VIR,2025-12-20 03:48:32,31/03/2025,16,0,9,9,0,6,0-999,2025,3,31,0,88
2025-05-31,1 pm,676,ACU,2025-12-20 04:10:26,31/05/2025,13,6,7,19,0,8,0-999,2025,5,31,5,149
2025-05-31,10 pm,355,PIC,2025-12-20 04:10:26,31/05/2025,22,5,5,13,1,4,0-999,2025,5,31,5,149
2025-05-31,4 pm,877,ACU,2025-12-20 04:10:26,31/05/2025,16,7,7,22,1,8,0-999,2025,5,31,5,149
2025-07-31,1 pm,73,ARI,2025-12-20 04:32:19,31/07/2025,13,3,7,10,1,9,0-999,2025,7,31,3,210
2025-07-31,10 pm,207,ESC,2025-12-20 04:32:20,31/07/2025,22,7,0,9,1,1,0-999,2025,7,31,3,210
2025-07-31,4 pm,130,CAP,2025-12-20 04:32:20,31/07/2025,16,0,3,4,0,7,0-999,2025,7,31,3,210
2025-08-31,1 pm,945,SAG,2025-12-20 04:43:28,31/08/2025,13,5,4,18,1,11,0-999,2025,8,31,6,241
2025-08-31,10 pm,330,GEM,2025-12-20 04:43:28,31/08/2025,22,0,3,6,0,5,0-999,2025,8,31,6,241
2025-08-31,4 pm,171,ARI,2025-12-20 04:43:28,31/08/2025,16,1,7,9,1,9,0-999,2025,8,31,6,241
2025-10-31,1 pm,356,CAP,2025-12-20 05:05:23,31/10/2025,13,6,5,14,0,7,0-999,2025,10,31,4,302
2025-10-31,10 pm,594,ARI,2025-12-20 05:05:24,31/10/2025,22,4,9,18,0,9,0-999,2025,10,31,4,302
2025-10-31,4 pm,848,ARI,2025-12-20 05:05:24,31/10/2025,16,8,4,20,0,9,0-999,2025,10,31,4,302
